Age,Sex,Relationship Status,Occupation,Social Media User?,Time Spent,Q1,Q2,Q3,Q4,Q5,Q6,Q7,Q8,Facebook,Instagram,YouTube,Snapchat,Twitter,Discord,Reddit,Pinterest,TikTok,Difficulty_level
24,0,1,2,1,2,3,3,2,2,4,3,2,4,1,1,1,0,1,0,0,0,0,0
46,0,2,2,1,0,2,1,1,1,1,1,1,2,1,0,1,0,0,0,0,0,0,0
30,1,2,2,1,4,2,4,4,2,4,4,4,2,1,1,0,0,0,0,0,0,0,1
56,1,2,3,1,1,1,1,1,1,3,2,1,3,0,0,1,0,0,0,0,0,0,0
19,0,1,1,1,4,3,3,4,3,3,3,4,3,1,1,1,0,0,0,0,0,1,1
21,1,0,0,1,5,3,5,2,4,3,4,4,2,1,1,0,0,0,0,0,0,1,1
47,1,2,2,1,3,3,2,2,1,2,1,3,4,1,1,1,0,1,0,0,1,0,0
23,1,1,1,1,2,3,3,3,3,3,4,2,3,1,0,1,0,0,1,0,0,0,0
20,1,1,0,1,3,2,1,1,3,5,4,5,4,0,1,1,1,1,1,1,1,1,1
21,1,0,0,1,4,3,3,2,1,2,4,3,2,1,1,1,1,0,0,0,0,0,1
25,1,1,0,1,2,3,5,2,1,3,2,1,3,1,1,0,0,0,1,0,0,0,1
26,1,1,0,1,3,3,4,3,3,4,4,4,3,1,1,1,0,0,0,0,1,0,1
20,0,0,0,1,5,4,5,3,4,5,4,5,2,1,1,1,1,0,1,1,1,0,1
65,0,2,3,1,3,5,3,2,3,2,1,3,4,1,0,1,0,0,0,0,0,0,0
24,0,1,0,1,2,1,1,3,2,4,4,3,3,1,1,1,1,1,1,0,0,0,1
52,0,2,2,1,1,2,2,3,2,3,3,3,2,1,1,1,0,0,0,1,1,1,0
47,0,2,2,1,1,4,2,2,3,2,3,4,2,1,0,1,0,0,0,0,0,0,0
25,0,0,0,1,0,2,2,3,3,3,2,3,4,1,1,1,0,0,0,1,0,0,0
20,1,1,0,1,5,5,4,2,2,5,4,1,3,1,1,1,0,0,0,0,0,0,1
19,1,1,1,1,2,3,2,2,2,4,4,3,3,1,1,1,0,0,1,0,1,0,1
35,1,3,2,1,0,3,2,1,4,1,1,1,3,1,0,1,0,0,0,0,0,0,0
22,1,1,0,1,2,3,4,1,3,2,3,3,3,1,0,1,0,0,0,0,0,0,1
44,0,2,2,1,0,1,1,1,1,1,1,1,1,1,0,0,0,0,0,0,0,0,0
23,0,1,0,1,3,3,3,5,3,5,3,4,1,1,0,1,0,1,1,0,0,0,2
25,0,1,1,1,4,5,5,4,2,3,2,1,4,1,1,1,0,0,0,1,0,0,1
21,0,0,0,1,3,5,5,5,4,5,4,5,2,1,1,0,0,0,0,1,0,1,2
21,1,1,0,1,5,4,4,3,4,4,5,4,3,1,1,1,1,1,0,0,1,0,2
22,1,0,0,1,1,3,4,3,2,1,2,1,2,1,0,1,0,0,0,0,0,0,1
35,0,2,2,1,2,3,4,3,2,3,3,2,2,1,0,1,0,0,0,0,1,0,1
17,0,1,1,1,2,4,4,3,4,5,2,3,2,1,1,1,0,1,0,1,0,0,1
22,1,1,0,1,5,5,5,3,4,2,1,4,5,0,1,0,0,0,0,0,0,0,1
26,0,1,2,1,2,4,3,2,1,3,4,4,3,1,1,1,1,1,1,1,0,0,1
60,0,1,3,1,2,1,2,1,3,1,1,3,3,1,0,1,0,0,0,0,1,0,0
34,1,2,2,1,0,2,1,1,1,1,1,3,4,1,0,1,0,1,0,0,1,0,0
30,1,1,2,1,4,4,5,3,3,4,4,3,3,0,1,0,0,0,0,0,0,0,1
20,1,1,0,1,5,4,2,4,2,5,4,1,3,1,1,1,1,1,0,0,0,0,1
48,0,2,2,1,1,4,2,2,3,2,3,2,3,1,1,1,0,1,0,0,0,0,1
23,1,2,0,1,1,3,2,2,3,4,4,3,2,1,1,1,1,0,0,0,1,0,1
27,0,2,2,1,5,5,5,5,1,5,5,1,3,1,0,0,0,0,1,1,0,0,2
34,1,2,2,1,1,2,5,1,5,1,1,2,3,1,0,0,0,0,0,0,0,0,1
26,0,1,0,1,5,5,4,3,2,4,3,3,3,1,0,0,0,0,0,0,0,0,1
22,1,1,0,1,2,4,4,2,3,4,3,4,4,1,1,1,0,1,1,0,1,1,1
20,1,1,0,1,2,5,5,5,1,5,3,3,1,1,1,0,0,0,0,0,0,0,1
22,1,0,0,1,5,4,5,4,3,5,3,3,3,1,1,1,0,0,0,0,0,0,1
21,0,1,0,1,0,2,2,1,1,4,4,1,3,1,0,1,0,0,1,0,0,0,0
22,1,1,2,1,3,1,1,1,1,3,3,1,1,1,0,1,0,0,0,0,0,0,2
23,1,1,0,1,0,3,2,1,2,2,3,1,2,1,1,1,0,1,0,1,1,0,0
21,1,1,0,1,5,4,2,1,2,5,4,5,1,1,1,0,0,0,0,0,0,0,1
21,0,1,0,1,5,5,4,2,1,2,2,2,3,1,1,1,1,0,1,1,0,1,0
25,1,1,0,1,5,4,3,3,2,4,4,2,2,1,1,1,0,1,1,0,0,0,1
48,0,2,2,1,2,3,3,4,3,4,2,4,3,1,1,1,0,0,0,0,0,0,1
20,1,0,0,1,3,5,3,2,5,2,1,1,3,1,0,1,0,0,0,0,0,0,1
34,1,2,2,1,1,2,2,1,1,1,1,2,1,1,0,0,0,0,0,0,0,0,0
21,1,1,0,1,3,4,4,5,3,5,5,4,4,1,1,1,1,0,1,0,0,0,1
17,1,1,1,1,5,2,5,4,3,3,2,2,2,1,1,1,1,0,0,0,1,1,2
47,0,2,2,1,0,3,1,1,2,4,1,3,3,1,0,1,0,0,0,0,0,1,0
20,0,1,0,1,3,4,4,3,3,3,4,2,3,1,1,1,0,0,1,0,0,0,1
21,1,0,0,1,5,5,2,3,1,3,5,1,3,1,1,1,0,0,0,0,0,0,1
27,1,0,2,1,4,4,3,3,4,3,2,4,2,1,1,1,0,0,0,0,0,0,1
21,1,0,0,1,3,3,2,1,3,2,2,2,1,1,1,1,1,0,0,0,0,0,1
23,0,1,0,1,0,2,3,1,1,1,5,1,3,1,1,1,1,1,1,1,0,0,1
36,1,2,2,1,2,3,2,1,1,4,1,1,1,0,0,1,0,0,0,0,0,0,0
21,0,1,0,1,3,4,4,4,4,4,4,4,1,1,1,1,0,1,0,0,1,0,1
23,1,0,0,1,5,5,5,5,4,5,5,5,5,1,1,1,1,0,1,0,0,1,1
27,1,1,2,1,5,2,5,4,4,3,4,5,1,1,1,1,1,0,0,0,0,0,1
20,1,1,0,1,3,3,3,3,3,4,3,4,3,1,1,1,0,0,1,0,0,0,1
29,1,2,2,1,5,5,5,5,4,5,4,3,3,1,1,1,0,0,0,0,0,0,1
21,1,1,0,1,4,4,3,4,3,3,5,5,2,1,1,1,1,0,1,0,0,0,1
22,1,1,0,1,2,4,5,4,1,5,4,3,3,0,0,0,0,1,1,1,0,0,1
24,0,1,2,1,1,3,4,1,4,3,5,3,3,1,1,1,1,0,0,0,0,0,1
24,1,1,0,1,4,4,4,3,3,4,4,3,3,1,1,1,0,1,0,0,0,0,1
23,1,1,0,1,5,4,5,3,3,5,3,5,1,1,1,1,1,0,0,0,0,0,1
32,0,2,2,1,1,3,1,3,1,2,1,1,3,1,0,1,0,0,1,1,0,0,0
21,1,1,0,1,3,4,5,4,3,5,5,5,1,1,1,1,1,0,1,1,1,0,1
27,1,2,2,1,4,4,5,2,3,5,3,5,2,1,1,1,0,0,0,0,0,0,2
24,0,1,0,1,4,4,4,2,3,4,3,4,2,1,1,1,0,0,1,1,0,0,1
18,2,1,1,1,2,2,1,2,2,5,4,2,3,0,1,1,0,1,0,1,0,1,1
22,1,0,0,1,5,5,3,3,4,5,5,2,3,1,1,1,1,0,0,0,0,0,1
48,0,2,2,1,1,2,2,1,1,1,1,2,3,0,0,1,0,1,0,0,0,0,0
21,1,0,0,1,4,4,5,3,4,3,4,5,1,1,1,1,1,1,0,0,1,0,1
42,1,2,2,1,2,3,1,1,1,1,1,1,3,1,1,1,0,0,1,0,1,0,0
23,1,1,0,1,2,5,5,3,2,3,2,1,3,1,1,1,0,0,0,0,0,0,1
47,1,2,2,1,2,4,3,3,3,2,3,2,3,1,1,1,0,0,0,0,1,0,1
21,0,0,0,1,5,4,5,3,4,4,4,3,3,1,1,1,0,0,0,0,0,0,1
47,1,2,2,1,1,4,4,3,3,2,3,4,2,1,0,0,0,0,0,0,0,0,1
21,1,1,0,1,1,3,5,2,2,2,3,1,4,1,1,1,1,0,1,1,0,0,1
47,1,2,2,1,2,3,1,2,2,2,2,3,3,0,1,1,0,1,0,0,0,0,0
22,1,1,0,1,5,5,4,4,3,4,5,2,4,1,0,0,0,0,0,0,0,0,1
19,0,1,1,1,4,4,4,2,4,4,2,5,2,0,1,1,0,1,0,0,0,1,1
21,1,0,0,1,4,3,5,5,3,3,4,4,4,1,1,1,0,0,0,0,1,0,2
27,1,1,2,1,3,3,3,3,3,4,5,4,4,1,1,1,1,1,1,1,1,0,1
47,1,2,2,1,0,2,2,2,2,2,2,4,3,1,0,0,0,1,0,0,0,0,0
23,0,2,0,1,2,5,4,3,2,4,4,3,2,1,1,1,1,1,1,1,1,1,2
31,0,1,2,1,2,3,3,3,4,4,3,4,4,1,1,1,0,0,1,0,0,0,1
23,1,1,3,1,4,4,4,3,4,4,5,3,2,1,0,1,0,0,1,1,0,0,1
22,1,1,0,1,2,4,2,3,3,5,4,4,3,1,1,1,0,1,0,0,0,0,1
24,0,1,0,1,5,3,4,4,1,3,3,2,3,1,1,1,1,0,0,0,0,0,1
20,1,1,0,1,0,3,1,1,2,2,1,5,1,1,1,1,0,0,0,0,0,0,0
20,0,1,0,1,4,4,5,3,3,3,4,2,3,1,1,1,0,0,0,0,0,0,1
20,1,1,0,1,5,4,5,5,4,5,5,5,1,1,1,1,1,0,1,0,1,1,2
29,1,2,2,1,1,4,4,1,1,3,2,2,3,1,1,1,0,0,0,0,1,0,1
22,1,0,0,1,3,3,5,3,3,5,5,5,3,1,1,1,1,0,0,0,0,0,2
21,0,1,0,1,4,3,4,3,4,5,3,4,4,1,1,1,0,0,0,0,0,0,1
27,1,0,2,1,4,5,5,3,3,4,4,4,2,1,1,1,1,0,0,0,0,0,1
22,0,1,0,1,5,5,4,2,1,5,5,1,1,1,1,1,1,1,1,1,0,0,1
21,1,2,0,1,1,5,5,2,5,5,4,5,1,0,0,1,0,0,0,0,1,0,2
24,0,1,2,1,5,5,2,2,3,4,2,2,3,1,1,1,1,0,0,0,0,0,0
17,0,1,1,1,5,2,4,3,1,5,5,3,2,1,0,0,0,0,0,0,0,0,2
21,0,1,0,1,3,5,3,4,4,2,3,5,3,1,1,0,0,0,0,0,0,0,1
35,1,2,2,1,2,5,3,2,1,1,3,2,4,1,0,0,0,0,0,0,0,0,0
50,0,2,2,1,3,4,3,4,3,5,4,3,4,1,1,1,0,1,0,0,0,0,1
37,1,0,2,1,1,2,2,1,1,3,3,2,3,1,0,1,0,0,0,0,0,0,1
22,1,0,0,1,5,2,5,3,3,3,2,5,3,1,1,1,1,0,0,0,0,1,1
21,0,1,0,1,2,4,4,4,3,5,3,4,2,1,1,1,0,1,1,1,0,0,1
21,1,0,0,1,3,5,4,2,3,5,5,4,3,1,1,1,1,0,1,0,1,1,2
20,1,2,0,1,1,1,1,1,1,2,1,1,3,0,1,0,0,0,0,1,0,0,0
26,1,1,2,1,5,4,5,4,3,5,4,5,4,1,1,1,0,0,0,0,1,0,1
69,2,3,2,1,5,5,5,5,5,5,5,5,5,0,0,0,0,0,0,0,0,1,2
22,1,1,0,1,5,4,3,3,1,2,1,3,3,1,1,1,1,0,0,0,1,1,1
21,1,2,0,1,3,4,3,2,4,4,5,5,3,1,1,1,1,0,0,0,0,1,1
22,1,2,0,1,4,5,5,3,1,4,4,4,1,1,1,1,1,1,1,1,1,1,1
25,1,1,0,1,5,5,5,4,3,5,5,2,2,1,1,1,0,0,0,0,1,1,0
37,1,2,3,1,1,3,1,2,2,1,4,1,2,1,1,1,0,0,0,0,0,0,0
21,0,0,0,1,3,3,2,1,3,2,2,2,4,1,0,1,0,0,1,0,0,0,0
23,1,1,0,1,3,5,3,3,3,3,4,1,3,0,0,0,0,0,0,0,1,0,1
29,1,1,0,1,5,5,5,3,3,4,5,5,3,0,1,1,0,0,1,1,1,0,2
22,1,0,0,1,5,5,5,4,3,4,3,2,3,1,1,1,1,1,1,0,1,1,1
22,1,1,0,1,3,5,4,3,4,4,3,2,3,1,1,1,1,1,1,1,1,1,1
24,0,1,0,1,2,5,5,2,3,3,5,4,2,1,1,1,0,0,1,0,0,0,1
20,0,3,0,1,5,5,5,5,5,5,5,5,5,1,1,1,1,0,1,0,0,0,2
22,0,1,0,1,1,4,3,4,4,5,3,3,3,1,1,1,1,1,0,0,1,0,1
21,0,1,0,1,5,4,4,2,2,4,1,3,3,1,1,1,1,0,1,1,1,0,2
22,1,1,0,1,3,4,5,5,3,4,2,2,3,1,1,1,1,0,0,0,1,0,1
22,1,1,0,1,5,4,5,5,4,5,5,5,2,1,1,1,1,1,1,0,1,1,2
21,0,1,0,1,2,2,4,2,3,2,2,3,5,1,1,1,0,1,0,0,1,0,0
21,1,1,0,1,3,2,2,1,1,4,2,2,1,1,1,1,0,0,1,1,0,0,1
22,1,1,0,1,2,2,3,2,3,3,5,4,3,1,0,0,0,0,0,0,0,0,1
17,0,1,1,1,0,2,2,2,1,2,1,1,2,1,1,1,0,0,0,0,0,0,0
24,0,1,0,1,3,4,3,2,3,2,2,2,1,1,1,1,0,1,1,0,0,0,1
24,0,1,0,1,3,2,1,1,1,4,3,1,3,1,1,1,1,1,1,1,1,0,0
20,1,0,0,1,5,5,3,4,4,5,5,5,1,1,1,1,1,0,1,0,0,0,1
20,0,1,0,1,3,4,5,4,4,5,4,1,3,1,1,1,1,0,1,0,0,1,1
20,1,0,0,1,2,4,5,4,4,5,5,4,2,1,1,1,1,0,0,0,1,0,2
20,1,0,0,1,5,4,4,3,4,4,4,5,1,1,1,1,1,1,1,0,1,0,1
48,0,2,2,1,3,3,2,3,2,4,3,2,3,0,0,1,0,1,0,0,0,0,1
20,1,1,0,1,2,4,2,1,1,4,2,1,5,1,1,1,1,0,0,0,0,0,0
47,1,2,2,1,1,3,4,3,1,5,2,2,2,1,1,1,0,1,0,0,0,0,1
21,1,1,0,1,3,3,2,1,1,5,4,3,3,1,1,1,0,0,0,0,1,0,1
22,1,1,0,1,5,4,3,3,2,5,4,1,3,1,1,1,1,1,0,0,0,0,1
18,1,0,1,1,3,5,3,4,1,4,3,1,3,1,1,1,1,0,1,0,0,0,1
25,0,1,0,1,3,4,4,3,2,3,3,3,2,0,0,1,1,0,1,1,0,0,1
28,1,1,0,1,4,4,3,1,1,5,4,1,3,1,1,1,1,0,1,1,1,1,1
22,1,1,0,1,5,4,5,4,1,5,4,3,1,1,1,1,1,0,0,0,0,0,1
35,0,2,2,1,0,2,3,2,4,4,3,2,2,1,1,1,0,0,1,0,0,0,1
14,0,1,1,1,4,5,5,2,1,2,1,1,3,0,1,1,0,0,1,0,0,0,1
46,0,3,2,1,0,3,1,1,5,2,2,1,3,1,1,1,1,1,0,0,0,0,0
25,1,1,2,1,4,3,4,2,5,5,4,5,1,1,1,1,0,0,0,0,0,0,1
22,1,2,0,1,2,3,2,1,2,1,1,1,1,1,1,1,1,0,1,0,0,0,0
20,0,1,0,1,1,4,5,3,3,2,3,1,2,1,1,1,1,0,1,0,0,0,1
22,1,1,0,1,1,2,2,2,3,2,3,4,3,1,1,1,0,0,0,0,0,0,0
20,0,1,1,1,5,4,2,1,1,1,4,2,2,0,0,1,0,0,0,1,0,0,0
26,0,0,0,1,3,4,5,3,2,4,3,5,1,1,0,1,0,0,1,0,0,0,1
20,1,1,0,1,4,4,5,5,1,2,5,2,3,1,0,1,1,0,0,0,1,0,2
25,1,2,2,1,4,3,4,5,4,5,5,2,4,1,1,1,0,1,0,1,1,1,1
27,1,2,0,1,5,5,5,3,1,3,3,1,3,1,1,1,0,0,0,0,0,0,1
25,1,1,0,1,5,4,3,1,2,4,4,4,2,1,0,1,0,0,1,0,0,0,0
22,1,1,0,1,1,3,3,1,5,1,1,1,3,1,1,1,0,0,0,0,0,0,0
22,1,1,0,1,5,3,4,4,4,5,5,5,2,1,1,1,1,0,0,0,1,0,1
22,0,0,0,1,2,4,3,2,1,4,3,2,4,1,1,1,1,0,1,1,0,0,0
24,1,0,2,1,3,2,1,1,3,4,3,1,1,1,1,1,0,0,1,0,1,0,0
26,1,1,0,1,5,4,2,2,3,5,4,5,2,1,1,1,1,1,1,1,1,1,1
24,1,2,0,1,3,4,3,5,3,3,3,4,2,1,1,1,0,0,0,0,1,0,1
20,1,1,0,1,5,4,4,3,2,4,4,2,2,1,1,1,1,0,0,0,0,0,1
25,1,0,0,1,3,3,2,1,2,4,4,3,3,1,1,1,1,0,1,0,0,0,0
22,1,1,0,1,3,3,3,3,3,3,3,2,3,1,1,1,1,1,1,0,1,0,1
44,0,2,2,1,0,1,1,1,1,1,1,1,1,1,0,1,0,0,1,0,1,0,0
50,0,1,2,1,1,3,2,3,5,3,2,4,5,1,0,0,0,0,0,0,0,0,1
16,0,1,1,1,2,3,1,2,1,3,3,2,4,0,1,1,1,0,0,0,1,0,1
35,0,1,2,1,3,5,5,5,1,5,5,5,1,1,1,0,1,0,0,0,0,0,2
22,1,0,0,1,2,4,4,2,4,5,5,1,3,1,1,1,0,0,1,0,0,0,1
21,1,0,0,1,5,4,5,4,2,3,5,3,3,1,1,1,1,0,0,0,0,0,2
21,0,1,0,1,2,2,3,2,4,3,4,2,3,1,0,1,0,0,0,0,0,0,1
23,0,1,0,1,5,4,3,3,4,5,3,5,4,1,1,1,0,0,1,0,1,1,1
29,1,1,2,1,3,5,3,1,1,5,5,2,2,1,1,0,0,0,0,0,0,0,1
20,1,1,0,1,1,2,2,1,2,5,5,5,1,1,1,1,0,0,0,0,0,0,1
29,1,1,2,1,1,2,2,1,1,5,5,4,2,1,1,1,0,1,0,1,1,0,1
30,1,2,3,1,3,1,5,1,3,3,3,2,4,1,1,1,1,1,1,0,0,1,1
47,0,2,2,1,2,4,3,4,1,3,2,2,3,1,0,1,0,0,0,0,0,0,1
21,1,0,0,1,2,3,2,5,4,4,4,3,2,1,1,1,0,0,0,0,1,0,0
17,0,1,1,1,4,2,1,4,1,5,4,4,3,1,0,0,0,0,1,0,0,0,0
19,0,1,1,1,4,3,3,2,3,3,2,2,1,1,1,1,1,0,1,1,0,1,0
22,1,1,0,1,5,5,5,5,4,5,5,5,1,1,1,1,1,0,0,0,1,1,2
28,1,2,2,1,2,5,4,1,2,4,5,2,2,0,1,1,0,0,1,0,0,0,2
43,0,2,2,1,0,2,1,1,3,1,1,1,3,1,0,1,0,0,0,0,0,0,0
21,1,1,0,1,3,2,1,1,1,2,1,1,1,1,0,1,0,0,1,0,1,0,0
23,1,0,0,1,2,4,4,3,3,4,2,4,2,1,1,1,1,1,1,0,1,1,0
47,0,2,2,1,2,3,2,3,2,5,3,2,5,0,1,1,0,1,0,1,0,1,1
47,1,2,2,1,2,3,3,3,1,3,1,1,3,1,0,1,0,0,0,0,1,0,0
38,0,2,2,1,4,3,3,3,3,3,2,3,4,1,0,1,0,1,1,1,0,0,0
23,1,1,0,1,5,3,3,2,4,3,4,3,3,1,1,1,0,0,0,0,0,1,1
25,0,1,0,1,1,5,5,1,3,2,5,4,5,0,0,1,0,0,0,0,0,0,0
34,1,2,2,1,5,5,5,4,3,3,2,3,3,1,0,0,0,0,0,0,0,0,1
48,1,2,2,1,0,2,4,1,2,2,1,1,3,1,1,0,0,0,0,0,0,0,0
22,0,1,0,1,3,4,4,1,1,3,1,1,1,1,1,1,1,1,1,1,1,0,0
22,1,0,0,1,5,3,1,4,3,3,4,3,4,1,0,0,0,0,0,0,0,0,1
20,1,1,0,1,4,5,5,5,2,5,4,2,3,1,1,1,1,0,1,0,0,0,2
21,2,1,0,1,5,4,2,3,5,5,5,4,3,1,1,1,1,0,0,1,1,1,2
23,1,1,0,1,5,3,2,4,4,5,4,5,1,1,1,1,1,0,0,0,1,1,1
22,1,1,0,1,3,4,4,2,2,4,3,3,2,1,1,1,1,0,0,0,0,0,2
21,1,1,0,1,2,2,1,4,2,2,1,3,3,1,1,1,1,0,0,0,0,0,1
48,1,2,2,1,1,1,1,1,2,3,1,1,3,1,0,1,0,0,0,0,0,0,0
23,0,1,0,1,1,3,2,2,2,2,3,2,4,1,1,1,1,1,1,0,1,0,0
22,1,1,0,1,5,5,1,4,2,4,4,3,4,1,1,1,1,1,0,0,0,1,1
38,1,2,2,1,0,3,2,3,1,2,2,3,1,1,0,0,0,0,0,0,0,0,0
20,1,0,1,1,5,5,4,2,3,3,2,1,3,1,1,1,0,0,0,0,1,0,0
24,0,1,2,1,5,5,1,1,3,3,3,1,3,0,0,0,0,1,1,1,0,0,1
23,0,1,0,1,2,4,2,1,1,3,3,3,3,1,1,1,0,1,0,0,1,0,0
24,0,0,1,1,1,3,2,4,2,2,2,1,3,0,0,1,0,0,1,1,0,0,1
20,0,1,0,1,5,4,5,3,1,5,5,4,2,1,1,1,1,1,1,0,0,1,1
24,2,1,2,1,2,4,3,2,2,5,4,3,2,0,0,1,0,0,0,1,0,0,1
23,0,1,0,1,0,3,2,1,2,4,3,3,3,1,1,0,0,0,0,0,0,0,1
47,0,2,2,1,1,4,3,2,3,3,3,2,3,0,1,1,0,0,0,0,0,0,1
19,1,0,1,1,4,5,4,4,4,5,4,2,5,1,0,0,0,0,0,0,0,0,1
22,1,1,0,1,3,3,4,2,1,4,3,4,2,1,1,1,1,1,1,1,1,0,0
21,2,1,0,1,5,3,4,5,1,4,4,1,3,1,1,1,0,1,1,0,0,0,1
22,1,0,0,1,4,3,4,3,2,5,4,4,3,1,1,1,1,0,1,0,1,1,1
20,0,1,0,1,5,5,5,5,1,2,3,3,3,0,1,1,1,1,1,1,0,1,1
40,1,1,2,1,1,4,2,1,3,4,4,3,3,1,1,1,0,1,0,0,0,0,1
22,0,1,0,1,2,5,4,2,1,3,2,3,4,1,1,1,1,0,1,0,1,1,1
18,0,1,1,1,5,2,3,1,2,5,5,5,1,0,1,1,0,0,1,1,0,0,1
23,1,1,0,1,2,4,4,1,1,2,2,1,2,1,1,1,1,1,1,0,1,0,1
22,0,1,0,1,5,5,5,1,1,2,3,2,1,1,1,1,1,0,1,0,0,0,1
24,0,1,2,1,5,5,5,5,1,4,3,2,2,0,0,1,1,0,1,0,0,0,2
22,1,1,0,1,4,4,2,1,4,4,4,5,1,1,1,1,1,1,0,0,0,1,1
20,1,1,0,1,4,4,5,5,1,5,4,2,2,1,1,1,0,1,0,1,0,0,2
23,1,1,0,1,4,5,4,2,4,5,5,5,1,1,1,1,1,1,1,1,1,1,1
21,1,1,0,1,4,3,5,4,1,5,3,3,2,1,1,1,1,1,0,0,1,0,2
21,1,1,0,1,3,3,5,2,2,3,4,3,4,1,1,1,1,0,0,0,0,0,1
24,1,0,0,1,4,3,2,2,3,5,5,5,2,1,1,1,1,1,1,1,1,1,1
27,1,2,2,1,3,4,4,4,1,4,1,2,2,1,1,1,0,0,0,0,0,0,1
22,1,1,0,1,5,1,1,1,1,1,2,2,2,1,1,1,1,0,0,0,0,0,0
20,0,1,0,1,0,4,2,1,2,5,2,1,4,1,1,1,1,1,1,1,0,0,1
24,1,1,0,1,4,3,4,1,4,4,5,3,3,1,1,1,0,1,0,0,0,0,2
21,1,1,0,1,2,3,5,4,3,5,4,3,3,1,1,1,0,0,0,0,0,0,1
91,1,1,0,1,2,2,5,4,5,5,5,5,1,1,1,1,1,0,1,0,0,0,2
20,1,1,0,1,5,3,5,3,5,5,5,5,5,1,1,1,1,1,1,1,0,0,2
22,1,0,0,1,2,3,4,3,3,4,3,2,2,1,1,1,0,1,0,0,0,0,1
19,1,1,0,1,3,5,4,5,5,5,4,5,1,1,1,1,1,0,1,0,1,0,1
21,1,0,0,1,3,5,3,3,1,5,5,5,3,1,1,1,0,0,1,0,0,0,2
22,0,1,0,1,0,1,1,1,1,1,1,1,1,1,0,1,1,0,0,0,0,0,0
20,1,1,0,1,3,4,5,4,2,5,3,5,2,1,0,1,0,0,0,0,0,0,1
22,1,1,1,1,5,4,4,4,4,4,5,5,3,1,1,1,0,0,0,0,1,0,2
21,1,1,0,1,4,4,5,3,3,4,4,2,3,1,1,1,1,0,1,1,1,1,2
23,0,0,0,1,4,4,2,1,1,3,3,1,3,1,1,1,0,1,1,1,0,0,0
25,1,2,0,1,1,2,2,1,4,5,4,5,2,0,0,1,0,0,0,1,0,0,1
17,1,1,1,1,3,4,3,1,1,5,3,4,2,0,1,1,0,0,0,1,1,0,1
24,0,1,2,1,2,3,3,3,3,3,2,2,3,1,1,1,0,0,0,0,0,1,1
21,0,1,0,1,2,3,3,2,2,5,4,2,3,0,0,1,0,0,0,0,0,0,1
22,0,1,0,1,2,4,5,4,5,5,5,2,2,1,1,1,0,0,1,0,1,0,2
21,1,1,0,1,1,3,3,2,2,4,2,4,2,1,1,1,1,1,1,0,0,0,1
23,0,1,0,1,5,4,3,2,3,4,5,3,3,1,1,1,1,0,1,1,1,0,1
35,0,2,2,1,2,2,4,4,4,4,4,4,4,1,1,1,0,1,0,0,0,0,1
30,1,1,2,1,2,4,5,3,5,5,4,4,2,1,1,1,1,1,1,1,0,0,2
24,1,0,0,1,5,2,3,1,3,4,4,4,4,1,1,1,0,0,1,0,0,0,0
36,1,2,2,1,1,4,1,1,2,2,2,1,3,1,0,1,1,0,0,0,0,0,0
26,0,0,0,1,4,3,3,2,4,4,4,2,3,1,1,1,1,1,1,0,1,0,0
48,1,2,3,1,5,4,5,5,2,4,3,3,3,1,1,1,0,0,0,0,1,1,2
21,1,1,0,1,3,4,4,3,1,5,3,5,1,1,1,1,0,0,1,1,0,0,1
51,0,2,2,1,1,4,3,2,3,3,3,3,3,1,1,1,1,1,0,0,1,0,1
18,1,1,0,1,5,4,4,3,1,4,5,1,3,1,1,1,0,0,0,0,1,0,1
49,0,2,3,1,4,5,5,3,3,4,4,3,3,1,1,1,0,1,0,0,1,0,1
20,1,1,0,1,3,5,2,1,1,1,4,5,1,1,1,1,0,0,0,0,0,0,1
51,0,2,2,1,1,3,2,3,3,2,2,4,3,1,0,0,0,0,0,0,0,0,1
21,1,0,0,1,5,5,2,3,1,1,5,1,3,1,1,1,0,0,0,0,0,0,1
21,1,1,0,1,3,5,5,4,3,5,5,5,5,1,1,1,1,0,1,0,0,1,1
23,0,1,0,1,1,2,1,1,1,5,3,3,4,1,1,1,1,0,0,0,1,1,0
19,1,1,0,1,2,2,3,1,1,3,1,1,3,0,0,0,0,0,1,1,0,0,2
23,0,0,0,1,2,3,4,5,3,5,5,3,3,1,1,1,1,0,0,0,1,0,0
22,0,1,0,1,5,5,5,5,5,5,5,5,5,1,0,1,0,0,0,0,1,0,2
47,0,2,2,1,0,1,1,2,1,3,2,2,3,0,0,0,0,1,0,0,0,0,1
21,1,1,0,1,1,1,1,1,2,1,3,2,1,1,1,1,1,0,0,0,0,0,0
21,1,0,0,1,3,3,4,4,3,3,1,2,5,1,0,1,0,0,1,1,0,0,1
19,1,1,0,1,3,4,5,2,1,5,5,5,5,1,0,0,1,0,0,1,0,0,1
48,0,2,2,1,0,1,1,1,3,1,1,5,5,1,0,1,0,0,0,0,0,0,0
17,0,1,1,1,2,3,4,3,4,3,5,5,3,0,0,0,0,0,1,0,0,0,1
23,0,1,0,1,3,3,4,2,2,5,4,2,3,1,1,1,1,0,1,0,0,0,1
56,0,2,2,1,2,1,1,1,1,1,1,1,1,1,1,1,0,1,0,0,0,0,0
18,1,1,1,1,3,5,5,2,4,4,4,5,2,1,1,1,0,0,0,0,0,0,2
36,0,2,2,1,0,2,1,1,1,3,2,3,3,1,1,1,0,0,0,0,1,0,0
24,0,1,0,1,3,5,5,5,1,1,5,5,4,1,1,1,0,0,1,0,0,0,2
34,0,2,2,1,5,5,3,2,5,3,5,4,4,1,0,1,0,0,0,0,0,1,1
25,1,0,2,1,2,2,1,3,1,4,2,3,3,1,1,1,1,1,0,0,1,0,0
23,0,0,0,1,4,4,3,2,4,4,4,4,4,1,1,1,0,0,1,0,0,0,1
26,1,1,2,1,4,5,5,3,3,5,5,3,3,1,1,1,0,0,1,0,1,1,2
15,0,1,1,1,4,1,1,1,3,3,1,3,3,0,1,1,1,0,1,1,1,1,0
22,0,0,0,1,3,4,4,5,4,2,2,3,3,0,0,1,0,0,0,0,0,0,1
30,1,1,2,1,2,4,5,4,1,3,4,4,3,1,0,0,0,0,0,0,0,1,1
19,1,1,0,1,3,4,3,1,1,4,4,2,3,1,1,1,1,0,1,0,0,0,1
21,1,0,0,1,5,3,2,1,1,3,3,1,3,1,0,1,0,1,1,0,1,0,0
22,0,0,0,1,3,4,2,2,2,4,3,2,4,1,1,1,1,0,1,1,0,0,0
48,0,2,2,1,0,3,1,1,2,1,1,5,3,1,1,1,1,1,1,1,1,1,0
19,1,1,1,1,5,3,2,4,1,5,5,5,2,1,1,1,1,0,0,0,1,0,1
37,0,2,2,1,1,4,4,1,3,4,2,4,4,1,0,1,0,0,0,0,0,0,1
22,1,1,0,1,2,3,2,2,3,2,4,1,3,1,0,1,0,0,1,1,1,0,0
20,1,1,0,1,3,3,3,2,2,4,2,2,3,0,1,1,0,1,0,0,0,0,0
21,1,0,0,1,2,2,3,4,2,3,3,2,4,1,1,0,0,0,1,0,0,0,0
23,1,1,0,1,4,2,3,4,3,3,2,3,4,1,0,1,0,0,0,0,0,0,1
55,0,2,2,1,1,3,2,1,1,2,1,1,3,0,0,0,0,0,1,1,0,0,0
22,0,1,0,1,5,4,4,4,4,2,3,2,3,1,1,1,0,1,1,0,1,0,1
21,1,1,0,1,5,4,3,2,1,5,5,5,1,1,1,1,0,1,1,1,0,0,1
17,1,1,1,1,2,4,1,3,1,5,4,5,5,1,1,1,1,0,0,0,0,0,1
13,0,1,1,1,4,3,4,1,1,3,3,1,3,0,1,0,0,0,1,0,0,0,0
33,1,1,2,1,3,3,3,1,1,2,1,2,2,1,0,1,0,0,0,0,0,0,0
22,0,1,0,1,2,4,4,4,1,5,4,3,3,0,1,1,1,1,1,1,0,0,2
20,0,1,1,1,2,3,2,3,3,3,2,3,2,0,1,0,0,0,1,1,1,1,0
19,1,1,0,1,3,5,5,5,1,5,5,2,3,1,1,1,0,0,1,0,0,0,2
22,0,1,0,1,5,4,4,3,4,2,3,4,3,1,1,1,0,1,1,1,1,1,1
22,1,0,0,1,2,4,5,4,2,3,4,4,3,1,1,1,0,0,0,0,0,0,2
28,1,1,0,1,3,4,5,4,2,5,4,2,3,1,0,1,0,0,0,0,0,0,2
20,0,1,2,1,1,3,3,2,4,5,5,1,3,1,1,0,1,1,0,1,0,0,1
49,0,2,2,1,0,3,4,3,3,4,3,3,3,1,1,1,0,0,0,0,0,0,1
26,0,1,0,1,0,3,5,3,5,5,5,5,5,1,0,0,0,0,0,0,0,0,2
21,1,0,0,1,2,5,4,3,1,4,5,2,3,1,1,1,1,0,1,0,0,0,1
22,1,1,0,1,5,5,2,5,2,4,2,4,3,1,1,1,1,0,0,0,0,0,1
23,0,1,0,1,3,3,4,2,4,5,2,5,4,1,1,1,1,0,1,0,0,1,1
21,1,1,0,1,3,5,3,2,2,4,3,2,3,1,1,1,1,1,0,1,1,0,1
23,1,2,0,1,5,4,3,3,3,4,3,4,4,1,0,0,0,0,0,0,0,0,1
22,0,1,0,1,2,5,4,2,5,1,3,1,3,1,0,1,0,0,0,0,0,0,0
21,1,1,0,1,2,3,4,3,2,4,4,5,1,1,1,1,1,0,1,1,1,1,1
23,0,1,0,1,1,2,2,1,1,5,5,1,3,0,0,1,0,0,1,1,0,0,1
48,0,2,2,1,0,5,1,1,1,2,2,1,1,1,0,1,0,0,0,0,1,0,0
21,1,1,0,1,2,4,4,1,2,2,4,2,2,1,1,0,1,0,0,0,1,1,1
26,1,2,0,1,2,4,4,3,3,4,4,4,5,1,1,1,0,0,0,0,0,0,1
50,0,3,2,0,1,2,1,1,1,2,2,1,4,0,1,1,0,0,0,0,0,0,0
21,1,0,0,1,4,5,5,5,2,4,5,5,2,1,1,1,0,0,0,0,0,0,1
22,1,1,0,1,3,2,2,1,1,5,3,1,4,1,1,1,0,0,0,0,1,0,2
22,1,1,0,1,5,5,5,5,5,5,5,5,5,1,0,1,1,0,1,0,0,0,2
19,1,1,1,1,3,5,3,2,3,5,3,2,3,1,1,1,0,0,1,0,0,0,1
26,0,0,2,0,1,4,1,1,1,2,1,1,3,0,0,1,0,0,1,1,0,0,0
21,0,0,0,1,4,4,2,2,1,1,2,1,3,1,1,1,1,0,1,0,0,0,0
22,1,1,0,1,3,4,4,3,3,3,3,1,3,1,1,1,1,1,1,1,1,1,1
20,1,0,0,1,4,4,3,5,3,4,4,5,4,0,1,1,0,0,0,0,1,0,1
21,1,0,0,1,2,5,5,5,5,1,2,2,5,0,1,0,0,0,0,0,0,0,2
26,1,2,2,1,1,2,1,2,4,4,4,4,2,1,0,1,0,0,0,0,0,0,1
47,1,1,2,1,4,4,5,2,1,3,3,3,3,1,1,1,0,1,0,0,1,0,0
21,0,0,0,1,0,2,3,2,1,3,2,2,3,1,1,1,1,1,1,0,0,0,1
22,1,2,0,1,2,4,5,2,4,4,5,3,3,1,1,1,1,1,1,1,1,1,1
40,0,2,2,1,2,3,3,3,1,2,2,2,3,0,0,1,0,1,0,1,0,0,1
19,1,1,0,1,5,3,5,4,1,5,5,1,5,1,1,1,1,0,1,1,1,1,1
22,1,0,2,1,5,5,4,4,4,4,4,4,4,0,1,1,0,0,1,1,0,1,1
25,0,1,0,1,4,4,5,2,4,1,5,2,3,1,1,1,1,1,1,0,1,1,1
23,0,1,0,1,5,3,2,4,1,4,3,5,2,1,1,1,0,1,1,1,0,1,0
21,0,1,0,1,1,2,3,1,1,5,5,3,3,1,1,0,0,0,0,0,0,0,1
30,0,0,2,1,1,4,2,1,2,2,2,4,2,1,1,1,0,0,0,0,0,0,0
22,0,0,0,1,4,5,5,3,5,5,5,5,5,1,1,1,1,0,1,0,0,0,2
20,0,1,0,1,4,5,3,2,3,4,3,2,4,1,1,1,0,0,1,1,1,0,1
19,1,1,1,1,2,3,4,3,3,3,4,3,5,1,1,1,1,0,1,0,1,1,1
23,0,1,0,1,4,5,5,2,2,5,3,5,3,1,1,1,1,0,1,1,1,0,1
20,1,0,0,1,2,4,4,4,4,4,5,5,5,1,1,1,1,0,0,0,0,1,1
26,1,0,0,1,4,4,4,2,2,3,4,3,3,1,1,1,1,1,1,0,0,1,1
21,0,1,0,1,1,4,4,3,2,5,2,4,2,1,1,1,1,0,1,0,0,1,1
22,1,1,0,1,4,4,1,2,1,1,1,1,2,1,1,1,1,0,1,0,0,0,0
18,1,1,0,1,5,3,2,2,3,4,2,1,3,1,1,1,1,0,1,0,1,0,0
49,0,2,2,1,4,4,3,2,2,2,2,2,4,1,0,1,0,0,0,0,0,0,0
50,1,1,2,1,2,2,1,1,3,3,1,1,4,1,1,1,0,0,1,0,1,0,0
32,1,2,2,1,4,5,2,4,1,2,1,1,5,1,1,1,0,0,1,0,1,0,0
25,0,1,2,1,2,4,4,1,2,5,4,5,2,1,1,1,1,0,1,0,0,0,1
16,0,1,1,1,4,4,5,2,4,3,2,3,1,1,1,1,1,0,1,0,0,1,1
21,1,1,0,1,3,4,4,2,2,4,3,2,3,1,1,1,1,1,0,0,0,0,1
32,1,2,2,1,1,4,3,2,1,2,1,2,4,0,0,0,0,0,0,1,0,0,1
21,1,1,0,1,4,3,5,3,1,3,2,3,3,1,1,0,0,0,0,0,0,0,0
19,0,1,0,1,3,4,2,2,1,3,1,2,5,1,1,1,1,1,1,1,1,1,0
20,1,0,0,1,5,3,3,1,5,5,4,2,3,0,1,0,0,0,0,0,0,0,1
18,0,1,0,1,1,3,3,1,1,2,1,1,2,0,0,0,0,0,0,0,1,0,0
20,1,1,0,1,3,4,3,1,1,4,3,4,2,1,1,1,0,0,0,0,0,1,0
53,0,2,2,1,0,2,3,1,2,1,2,3,3,0,0,0,0,0,0,0,0,0,0
22,0,0,0,1,2,4,2,2,1,3,2,2,2,1,1,1,0,0,1,1,0,0,1
24,1,2,0,1,5,5,3,4,3,4,4,3,3,1,1,0,0,0,0,0,1,0,1
23,0,1,1,1,2,5,5,5,5,5,5,5,5,0,1,1,0,0,1,1,0,0,2
23,1,1,0,1,2,3,2,2,3,2,3,1,3,1,1,0,0,0,0,0,0,1,1
19,1,1,1,1,5,3,2,1,1,2,2,1,3,1,1,1,1,1,1,1,1,1,1
24,0,0,0,1,4,4,5,3,1,5,3,1,3,1,1,1,1,1,1,1,0,0,1
22,1,0,0,1,5,1,5,2,2,5,3,1,2,1,1,1,0,0,0,1,0,1,1
22,0,1,0,1,3,3,4,3,3,4,4,2,3,0,1,0,0,0,0,0,0,0,1
47,0,2,2,1,1,2,1,1,1,1,1,2,3,0,0,1,0,1,0,0,0,0,0
47,0,2,2,1,0,3,1,1,1,1,1,1,1,1,0,1,0,0,0,0,0,0,0
48,0,2,2,1,0,2,2,1,1,1,1,1,3,0,0,0,0,0,0,0,0,0,0
42,0,2,2,1,1,2,1,1,1,1,1,1,2,1,0,1,0,0,1,0,1,0,0
22,1,1,0,1,1,3,2,1,2,2,3,1,2,1,0,1,0,0,0,1,1,0,0
22,1,1,0,1,2,3,2,2,3,2,4,1,3,1,0,1,0,0,1,0,0,0,0
20,1,1,0,1,0,2,1,1,2,1,1,3,1,1,1,1,0,0,0,0,0,0,0
30,0,0,2,1,1,3,1,1,1,2,1,3,2,1,0,1,0,0,0,0,0,0,0
24,0,0,2,1,2,2,1,1,2,4,3,1,1,1,1,1,0,0,0,0,0,0,0
35,1,2,2,1,0,3,1,1,3,1,1,1,3,1,0,1,0,0,0,0,0,0,0
47,1,1,2,1,3,3,3,2,1,2,2,3,3,0,1,1,0,1,0,0,0,0,0
47,0,2,2,1,1,3,1,1,2,2,1,3,3,0,0,1,0,0,0,0,0,0,0
24,0,0,1,1,2,2,1,2,1,4,2,2,3,1,1,1,1,1,0,0,1,0,0
32,0,2,2,1,1,3,1,2,1,2,1,1,3,1,0,1,0,0,0,0,0,0,0
35,1,2,2,1,1,4,2,1,1,1,2,1,3,1,0,0,0,0,0,0,0,0,0
22,0,0,0,1,2,3,3,2,1,4,3,3,2,1,1,1,1,0,1,1,0,0,0
21,0,1,0,1,0,2,1,1,1,4,3,1,3,1,0,1,0,0,0,0,0,0,0
33,1,2,2,1,3,5,2,3,1,1,1,1,4,1,0,0,0,0,0,0,0,0,0
54,0,2,2,1,1,2,2,1,1,2,1,1,2,0,0,0,0,0,0,1,0,0,0
22,0,0,0,1,2,4,2,2,1,4,3,2,4,1,1,1,1,0,1,1,0,0,0
20,0,0,0,1,5,3,2,1,1,1,3,1,2,0,0,1,0,0,0,0,0,0,0
21,0,1,0,1,4,4,4,1,1,2,1,1,2,1,1,1,1,0,1,1,0,0,0
17,0,1,0,1,0,2,2,1,1,2,1,1,2,0,0,0,0,0,0,0,0,0,0
47,0,1,2,1,3,4,4,2,1,2,3,3,2,1,0,1,0,0,0,0,0,0,0
21,1,0,0,1,5,2,1,1,1,2,2,1,2,1,0,1,0,0,0,0,0,0,0
23,0,1,1,1,2,3,3,2,2,3,3,2,3,1,0,1,0,0,0,0,0,0,0
23,0,0,0,1,2,3,4,4,3,4,4,3,2,1,1,1,1,0,0,0,1,0,0
22,0,0,0,1,4,4,1,1,1,1,1,1,2,1,1,1,0,0,1,0,0,0,0
60,0,1,3,1,2,1,2,1,3,1,1,3,3,1,0,1,0,0,0,0,0,0,0
20,1,1,0,1,3,3,3,1,1,4,2,3,2,0,1,1,0,0,0,0,0,0,0
18,0,1,0,1,4,3,2,2,3,3,2,1,1,1,1,1,1,0,1,0,0,0,0
22,0,1,0,1,1,3,2,1,1,2,3,3,3,1,1,1,0,0,0,0,0,0,0
42,0,2,2,1,1,2,1,1,1,1,1,1,3,1,0,1,0,0,0,0,0,0,0
20,0,0,0,1,3,4,2,2,1,3,1,2,4,1,1,1,1,0,1,1,0,0,0
35,1,2,2,1,1,4,1,1,1,1,2,1,3,1,0,0,0,0,0,0,0,0,0
48,0,2,2,1,2,2,2,1,1,1,1,2,3,0,0,1,0,0,0,0,0,0,0
22,1,1,0,1,2,3,2,2,3,2,4,1,3,1,0,1,0,0,1,0,0,0,0
24,0,0,0,1,3,2,1,1,1,4,3,1,3,1,1,1,1,0,1,0,0,0,0
47,1,2,2,1,0,2,3,1,2,2,1,1,3,1,0,0,0,0,0,0,0,0,0
21,0,0,0,1,3,3,2,1,2,2,2,2,4,1,0,1,0,0,1,0,0,0,0
21,0,1,0,1,0,1,1,1,1,1,1,1,1,1,0,1,1,0,0,0,0,0,0
59,0,1,3,1,1,1,1,1,2,1,1,2,3,0,0,1,0,0,0,0,0,0,0
43,0,2,2,1,0,1,1,1,2,1,1,1,2,1,0,1,0,0,0,0,0,0,0
21,0,0,0,1,2,3,2,5,3,4,4,3,2,1,1,1,0,0,0,0,1,0,0
23,0,0,0,1,2,3,3,2,3,3,4,2,3,1,0,1,0,0,1,0,0,0,0
35,1,2,2,1,1,2,2,1,1,3,1,1,1,0,0,0,0,0,0,0,0,0,0
36,0,2,2,1,0,3,1,1,1,2,2,1,3,1,0,1,0,0,0,0,0,0,0
21,0,0,0,1,4,3,2,1,1,2,2,1,3,1,0,1,0,0,1,0,0,0,0
20,0,0,0,1,2,2,2,3,2,3,2,2,3,0,1,0,0,0,1,0,0,0,0
18,0,1,0,1,1,2,2,1,1,2,1,1,1,0,0,0,0,0,0,0,1,0,0
51,0,2,2,1,1,2,2,2,2,2,2,2,2,1,0,1,0,0,0,0,0,0,0
22,0,0,0,1,2,4,2,2,1,4,3,2,4,1,1,1,1,0,1,1,0,0,0
33,1,1,2,1,2,2,2,1,1,1,1,2,1,1,0,0,0,0,0,0,0,0,0
21,0,0,0,1,3,3,2,1,2,3,2,2,4,1,0,1,0,0,1,0,0,0,0
23,0,1,1,1,2,3,2,1,1,3,3,2,3,1,1,1,0,1,0,0,0,0,0
20,0,0,0,1,2,4,2,1,1,4,2,1,4,1,1,1,1,0,0,0,0,0,0
42,0,2,2,1,1,2,1,1,1,1,1,1,3,1,0,1,0,0,0,0,0,0,0
19,1,1,0,1,3,3,2,2,2,4,2,1,3,0,1,1,0,0,0,0,0,0,0
20,1,1,0,1,2,3,2,1,1,4,2,1,4,0,1,1,0,0,0,0,0,0,0
19,0,1,0,1,0,1,1,1,1,2,1,1,2,0,1,0,0,0,0,0,0,0,0
22,1,1,0,1,1,3,2,1,2,1,1,1,1,1,1,1,0,0,0,0,0,0,0
25,0,0,0,1,1,4,4,1,2,2,4,3,4,0,0,1,0,0,0,0,0,0,0
48,0,2,2,1,0,2,2,1,1,1,1,1,3,0,0,0,0,0,0,0,0,0,0
48,0,1,2,1,4,4,3,2,1,2,2,2,3,1,0,1,0,0,0,0,0,0,0
23,0,1,0,1,5,3,2,3,1,4,3,4,2,1,0,1,0,0,1,0,0,0,0
23,1,0,0,1,2,3,3,3,3,3,2,3,2,1,0,1,0,0,1,0,0,0,0
20,0,0,0,1,5,5,4,2,1,2,2,1,3,1,1,1,0,0,0,0,0,0,0
25,0,0,0,1,4,3,3,1,2,4,4,3,2,1,0,1,0,0,1,0,0,0,0
43,0,2,2,1,0,1,1,1,1,1,1,1,1,1,0,0,0,0,0,0,0,0,0
25,1,0,0,1,4,3,2,1,2,4,4,3,2,1,0,1,0,0,1,0,0,0,0
21,1,1,0,1,1,1,1,1,2,1,3,2,1,1,1,1,0,0,0,0,0,0,0
16,0,1,1,1,1,1,1,1,1,2,1,1,2,0,1,1,0,0,0,0,0,0,0
32,1,1,2,1,3,3,2,1,1,2,1,1,2,1,0,1,0,0,0,0,0,0,0
24,0,0,0,1,0,2,2,2,2,2,2,2,4,1,1,1,0,0,0,0,0,0,0
21,0,1,0,1,1,2,3,2,3,2,2,3,4,1,1,1,0,0,0,0,0,0,0
53,0,2,2,1,1,1,1,2,1,3,2,2,2,0,0,1,0,0,0,0,0,0,0
32,0,2,2,1,0,2,1,2,1,1,1,1,3,1,0,1,0,0,0,0,0,0,0
21,0,1,0,1,0,2,1,1,1,4,3,1,3,1,0,1,0,0,0,0,0,0,0
24,0,1,1,1,5,4,2,1,2,4,2,2,2,1,0,1,0,0,0,0,0,0,0
22,1,1,0,1,2,3,1,1,1,1,1,1,1,1,1,1,1,0,1,0,0,0,0
34,1,2,2,1,0,2,1,1,3,1,1,1,3,1,0,1,0,0,0,0,0,0,0
18,0,1,0,1,1,2,2,1,1,2,1,1,2,0,0,0,0,0,0,0,0,0,0
21,1,0,0,1,2,2,3,3,1,3,2,2,3,1,1,0,0,0,0,0,0,0,0
48,0,2,2,1,0,1,1,1,2,1,1,5,4,1,0,1,0,0,0,0,0,0,0
15,0,1,1,1,1,2,2,1,1,2,1,1,2,0,1,0,0,0,0,0,0,0,0
22,0,0,0,1,1,3,2,2,1,2,3,2,4,1,1,1,1,0,1,0,0,0,0
16,0,1,1,1,4,1,1,3,1,4,3,3,3,0,0,0,0,0,1,0,0,0,0
47,1,1,2,1,2,2,1,1,2,2,1,2,3,0,1,1,0,0,0,0,0,0,0
17,0,1,0,1,4,2,1,3,1,4,3,3,3,1,0,0,0,0,1,0,0,0,0
24,0,0,0,1,0,2,2,2,2,2,2,2,4,1,1,1,0,0,0,0,0,0,0
60,0,2,2,1,2,3,2,1,2,1,1,2,2,1,0,1,0,0,0,0,0,0,0
35,1,2,2,1,1,4,2,1,2,1,2,1,3,1,0,0,0,0,0,0,0,0,0
22,0,1,0,1,1,4,3,1,5,1,2,1,3,1,0,1,0,0,0,0,0,0,0
51,0,1,2,1,1,2,1,2,2,3,2,2,2,1,1,1,0,0,0,0,1,0,0
34,1,2,2,1,0,2,1,1,3,1,1,1,3,1,0,1,0,0,0,0,0,0,0
19,0,0,0,1,3,4,2,2,1,2,1,1,4,1,1,1,1,0,1,0,0,0,0
21,0,0,0,1,2,2,3,3,1,3,3,2,4,1,1,0,0,0,1,0,0,0,0
32,0,2,2,1,2,3,1,3,1,2,1,1,3,1,0,1,0,0,1,0,0,0,0
24,0,1,0,1,5,3,2,1,1,4,3,4,2,1,0,1,0,0,1,0,0,0,0
22,0,0,0,1,2,3,3,2,1,4,3,2,4,1,1,1,0,0,0,0,0,0,0
25,0,0,0,1,3,3,2,1,2,4,4,2,3,1,1,1,1,0,1,0,0,0,0
20,0,0,0,1,3,4,2,2,1,1,1,1,3,1,1,1,1,0,1,0,0,0,0
22,1,1,0,1,0,3,2,1,2,2,3,1,2,1,0,1,0,0,0,1,1,0,0
47,0,2,2,1,1,3,1,1,2,1,1,3,3,0,1,1,0,1,0,0,0,0,0
22,0,0,0,1,2,4,2,1,1,3,3,1,3,1,1,1,0,0,1,1,0,0,0
53,0,2,2,1,1,1,1,2,1,3,2,2,2,0,0,1,0,0,0,0,0,0,0
22,0,1,0,1,3,3,3,2,1,4,3,4,2,1,1,1,0,1,1,1,0,0,0
43,0,2,2,1,0,1,1,1,2,1,1,1,2,1,0,0,0,0,0,0,0,0,0
32,0,1,2,1,2,3,2,1,1,2,1,1,2,1,0,1,0,0,0,0,0,0,0
48,0,2,2,1,2,3,2,1,1,1,1,2,3,0,0,1,0,0,0,0,0,0,0
21,0,0,0,1,2,2,3,3,1,3,3,2,4,1,1,0,0,0,1,0,0,0,0
17,0,1,0,1,4,2,1,2,2,4,2,2,3,1,0,0,0,0,1,0,0,0,0
19,0,1,0,1,2,4,2,1,1,3,1,1,5,1,1,1,1,0,0,0,0,0,0
47,0,2,2,1,0,2,2,2,2,2,2,4,2,1,0,0,0,0,0,0,0,0,0
20,0,1,0,1,2,2,3,2,2,2,2,2,4,0,1,1,0,1,0,0,0,0,0
44,0,2,2,1,0,2,1,1,2,1,1,1,2,1,0,1,0,0,0,0,0,0,0
47,0,2,2,1,0,1,1,1,2,3,1,1,3,1,0,1,0,0,0,0,0,0,0
58,0,2,2,1,2,1,1,1,1,1,1,1,1,1,0,1,0,0,0,0,0,0,0
25,0,0,0,1,3,3,3,2,3,3,4,2,3,1,0,1,0,0,1,0,0,0,0
35,1,2,2,1,0,3,1,1,3,1,1,1,3,1,0,1,0,0,0,0,0,0,0
17,0,1,0,1,0,2,2,1,1,2,1,1,2,0,0,0,0,0,0,0,0,0,0
20,1,0,0,1,4,3,5,5,1,2,4,2,3,1,0,1,0,0,0,0,1,0,2
22,0,0,0,1,3,5,5,3,5,5,5,5,5,0,1,1,0,0,1,0,0,0,2
30,0,1,0,1,4,5,5,3,2,4,5,5,2,0,1,0,0,0,0,0,0,0,2
74,1,2,1,1,4,4,5,4,5,5,5,5,4,0,0,0,0,0,0,0,0,0,2
22,0,1,0,1,2,4,4,3,2,4,4,2,2,1,1,1,0,0,1,0,1,0,2
22,1,1,1,1,3,1,1,1,1,3,3,1,2,1,0,1,0,0,0,0,0,0,2
20,1,0,0,1,4,3,5,5,2,2,4,3,3,1,0,1,0,0,0,0,1,0,2
28,1,1,0,1,2,4,4,2,2,4,4,2,2,0,0,1,0,0,0,0,0,0,2
19,0,0,0,1,3,5,5,3,4,4,4,5,2,1,1,0,0,0,0,0,0,0,2
21,0,1,0,1,4,3,4,2,1,4,1,3,2,1,1,1,1,0,0,0,1,0,2
20,1,0,0,1,4,4,5,4,4,5,5,4,1,1,1,1,1,0,0,0,1,0,2
21,1,1,0,1,3,3,4,3,1,4,3,3,2,1,1,1,1,0,0,0,0,0,2
21,1,1,0,1,5,4,2,3,4,4,5,4,3,1,1,1,1,0,0,0,1,0,2
20,0,1,0,1,3,4,4,4,1,5,4,2,2,0,1,1,0,1,0,1,0,0,2
20,0,2,0,1,5,5,5,5,5,5,5,5,5,1,0,1,1,0,1,0,0,0,2
29,1,1,0,1,4,4,5,3,3,4,4,4,2,0,1,1,0,0,1,1,0,0,2
90,1,1,0,1,2,2,5,4,5,5,5,5,1,0,0,0,0,0,0,0,0,0,2
20,1,1,0,1,2,1,2,1,1,3,1,1,2,0,0,0,0,0,0,0,0,0,2
21,1,1,0,1,2,2,2,1,1,4,2,1,3,0,0,0,0,0,0,0,0,0,2
21,1,0,0,1,3,3,5,4,2,3,4,4,3,1,1,1,0,0,0,0,0,0,2
20,0,0,0,1,4,4,5,5,4,5,4,5,1,1,1,0,0,0,0,0,0,1,2
21,1,0,0,1,2,5,4,2,3,5,4,4,2,0,0,1,0,0,0,0,1,0,2
20,1,1,0,1,5,3,4,3,4,4,5,5,4,1,1,1,0,0,0,0,0,0,2
21,0,0,0,1,2,4,4,2,3,5,5,3,2,1,1,1,0,0,1,0,1,0,2
22,0,0,0,1,2,5,5,4,5,5,5,5,5,0,1,1,0,0,1,0,0,0,2
21,0,0,0,1,2,4,5,4,4,5,4,3,2,1,1,0,0,0,0,0,0,0,2
21,1,0,0,1,3,4,3,2,1,4,4,4,2,1,1,1,0,0,0,0,0,0,2
20,1,0,0,1,2,3,5,3,3,5,5,4,2,1,1,1,1,0,0,0,0,0,2
21,1,0,0,1,4,3,4,3,3,4,5,4,3,1,1,1,1,0,0,0,0,0,2
28,1,1,0,1,3,4,5,3,2,4,4,2,3,0,0,1,0,0,0,0,0,0,2
21,1,1,0,1,5,4,3,3,4,4,5,4,3,1,1,1,1,0,0,0,1,0,2
21,1,1,0,1,5,4,4,4,4,5,5,4,2,1,1,1,1,0,0,0,1,1,2
22,1,1,0,1,3,1,1,1,1,4,3,1,2,1,0,1,0,0,0,0,0,0,2
21,0,0,0,1,4,4,5,3,5,5,5,5,5,1,1,1,1,0,1,0,0,0,2
22,0,0,0,1,2,5,5,5,4,5,4,5,4,0,1,0,0,0,0,1,0,0,2
21,0,1,0,1,5,4,4,2,2,4,1,3,3,1,1,1,1,0,0,0,1,0,2
21,1,0,0,1,5,4,4,3,2,3,5,3,3,1,1,1,1,0,0,0,0,0,2
27,0,1,1,1,4,4,5,4,1,5,4,1,3,1,0,0,0,0,0,0,0,0,2
20,1,0,0,1,3,4,5,5,2,1,3,2,3,0,0,0,0,0,0,0,0,0,2
21,1,0,0,1,3,3,4,2,3,5,5,4,3,1,1,1,1,0,0,0,0,0,2
21,1,1,0,1,5,4,5,5,4,5,5,5,1,1,1,1,1,0,1,0,1,1,2
21,1,0,0,1,4,4,5,4,2,2,4,2,3,0,1,0,0,0,0,0,0,0,2
27,1,2,2,1,2,4,4,1,2,4,4,2,2,0,1,1,0,0,0,0,0,0,2
22,0,1,0,1,5,5,5,5,5,5,5,5,5,1,0,1,0,0,0,0,0,0,2
21,0,1,0,1,5,5,5,5,5,5,5,5,5,1,0,1,1,0,1,0,0,0,2
21,1,1,0,1,5,4,4,4,4,4,5,5,2,1,1,1,0,0,0,0,1,0,2
23,0,1,0,1,2,3,3,4,2,4,3,3,1,1,0,1,0,1,1,0,0,0,2
22,1,0,0,1,3,3,4,3,3,4,5,5,3,1,1,1,0,0,0,0,0,0,2
30,0,1,2,1,2,4,5,3,4,5,4,4,1,1,1,0,1,0,0,0,0,0,2
20,1,1,0,1,5,3,5,3,5,5,5,5,5,1,0,1,1,0,1,0,0,0,2
29,1,1,2,1,2,4,5,2,4,5,3,4,2,1,1,1,0,0,0,0,0,0,2
23,0,0,0,1,3,4,5,4,1,1,5,4,3,1,1,1,0,0,0,0,0,0,2
21,0,0,0,1,2,5,4,2,2,4,4,3,2,1,1,1,1,0,1,0,1,1,2
90,1,1,0,1,2,2,5,4,4,4,4,4,1,1,1,1,0,0,0,0,0,0,2
19,1,1,0,1,2,1,2,1,1,3,1,1,2,0,0,0,0,0,0,0,0,0,2
22,0,0,0,1,3,3,5,3,3,5,5,5,3,1,1,1,1,0,0,0,0,0,2
22,0,0,0,1,3,5,5,3,5,5,5,5,5,0,1,1,0,0,1,0,0,0,2
19,0,0,0,1,3,5,5,3,4,4,4,5,2,1,1,0,0,0,0,0,0,0,2
22,1,1,0,1,3,2,2,1,1,4,3,1,3,1,1,1,0,0,0,0,0,0,2
21,0,0,0,1,2,4,5,4,4,5,4,4,2,1,1,0,0,0,0,0,0,0,2
18,1,0,0,1,3,5,4,2,3,4,4,4,2,1,1,1,0,0,0,0,0,0,2
22,0,1,0,1,5,4,4,4,4,4,5,5,4,1,0,1,0,0,0,0,1,0,2
22,1,0,0,1,2,3,5,3,2,4,4,4,3,1,1,1,0,0,0,0,0,0,2
21,1,0,0,1,3,4,4,2,3,5,5,4,3,1,1,1,1,0,0,0,0,0,2
21,0,0,0,1,3,3,5,5,2,2,4,4,4,1,1,1,0,0,0,0,0,0,2
22,1,1,0,1,3,3,3,1,1,4,3,2,2,1,1,1,0,0,0,0,0,0,2
21,0,0,0,1,2,4,4,2,3,5,5,3,2,1,1,1,0,0,1,0,1,0,2
22,0,1,0,1,2,4,4,3,1,4,4,3,2,0,1,1,1,1,1,1,0,0,2
22,1,1,0,1,4,3,4,1,4,4,5,3,3,1,1,1,0,1,0,0,0,0,2
21,1,0,0,1,4,4,4,2,3,4,5,4,3,1,1,1,1,0,0,0,1,0,2
17,0,1,0,1,4,2,4,3,1,5,4,2,2,1,0,0,0,0,0,0,0,0,2
21,0,0,0,1,4,4,5,5,4,5,4,5,2,1,1,0,0,0,0,0,0,1,2
20,1,0,0,1,4,4,5,4,2,4,4,2,3,1,1,1,1,0,0,0,0,0,2
21,1,1,0,1,3,4,4,2,2,4,3,2,2,1,1,1,1,0,0,0,0,0,2
18,0,1,0,1,3,3,4,4,1,5,5,2,2,1,0,0,0,0,0,0,0,0,2
21,1,1,0,1,3,3,4,3,1,4,3,3,2,1,1,1,1,0,0,0,0,0,2
21,0,1,0,1,5,5,5,5,5,5,5,5,5,1,0,1,1,0,1,0,0,0,2
58,0,1,1,1,2,3,5,4,2,5,5,5,1,1,1,0,1,0,0,0,0,0,2
21,1,0,0,1,2,4,5,5,4,1,2,2,4,0,1,0,0,0,0,0,0,0,2
19,1,1,0,1,3,5,5,5,1,5,4,2,3,1,1,1,0,0,1,0,0,0,2
22,0,1,0,1,2,4,4,3,1,4,4,3,2,0,1,1,1,1,1,1,0,0,2
18,1,1,0,1,4,2,5,3,3,3,2,2,2,1,1,1,1,0,0,0,1,1,2
21,1,1,0,1,5,4,2,3,4,5,5,4,2,1,1,1,1,0,0,0,1,1,2
20,1,1,0,1,2,2,2,1,1,4,2,1,3,0,0,0,0,0,0,0,0,0,2
21,0,0,0,1,4,4,5,3,5,5,5,5,5,1,1,1,1,0,1,0,0,0,2
27,1,1,0,1,3,4,5,3,2,5,3,2,2,1,0,1,0,0,0,0,0,0,2
20,1,0,0,1,2,4,5,4,4,5,5,4,1,1,1,1,1,0,0,0,1,0,2
19,0,1,0,1,4,3,4,4,1,5,4,2,2,1,0,0,0,0,0,0,0,0,2
23,0,0,0,1,2,4,5,4,1,1,4,4,3,1,1,1,0,0,0,0,0,0,2
20,0,0,0,1,2,4,5,4,4,5,5,3,2,1,1,1,0,0,0,0,1,0,2
21,1,0,0,1,3,3,4,3,2,5,5,5,3,1,1,1,0,0,0,0,0,0,2
19,1,1,0,1,3,4,4,2,4,4,4,4,2,1,1,1,0,0,0,0,0,0,2
27,1,2,2,1,2,4,4,1,2,4,4,2,2,0,1,1,0,0,0,0,0,0,2
22,0,1,0,1,2,4,4,2,1,4,3,3,2,0,1,1,1,0,0,0,0,0,2
20,1,0,0,1,4,4,5,4,1,2,5,2,3,1,0,1,1,0,0,0,0,0,2
21,1,1,0,1,5,4,2,3,4,4,5,4,3,1,1,1,1,0,0,0,1,0,2
22,0,0,0,1,4,5,5,4,5,5,5,5,5,1,0,1,1,0,1,0,0,0,2
22,0,1,0,1,4,3,4,5,3,5,4,4,1,1,0,1,0,1,1,0,0,0,2
23,0,0,0,1,3,4,5,4,1,1,5,4,3,1,1,1,0,0,0,0,0,0,2
22,1,1,0,1,3,2,2,1,1,4,3,1,3,1,1,1,0,0,0,0,0,0,2
22,0,0,0,1,4,5,5,3,5,5,5,5,5,1,0,1,0,0,0,0,0,0,2
21,1,0,0,1,3,4,4,2,3,4,5,4,3,1,1,1,1,0,0,0,1,0,2
22,0,1,0,1,2,4,4,2,2,4,3,3,2,1,1,1,1,0,0,0,0,0,2
22,0,1,0,1,5,4,4,4,4,4,5,5,4,1,0,1,0,0,0,0,1,0,2
17,0,1,0,1,4,2,4,3,1,5,5,2,2,1,0,0,0,0,0,0,0,0,2
19,1,1,0,1,3,5,5,5,1,5,4,2,3,1,1,1,0,0,1,0,0,0,2
26,1,1,1,1,3,4,5,3,2,5,4,2,3,1,0,1,0,0,0,0,0,0,2
22,1,0,0,1,2,3,5,3,2,4,4,4,3,1,1,1,0,0,0,0,0,0,2
21,1,0,0,1,2,3,5,3,3,5,5,4,2,1,1,1,1,0,0,0,0,0,2
27,1,1,0,1,3,4,5,3,2,5,4,2,3,1,0,1,0,0,0,0,0,0,2
19,1,1,0,1,3,5,5,5,1,5,4,2,3,1,1,1,0,0,1,0,0,0,2
22,1,0,0,1,2,3,5,3,2,4,4,4,3,1,1,1,0,0,0,0,0,0,2
22,0,1,0,1,2,4,4,4,1,4,3,2,2,0,0,1,1,0,1,0,0,0,2
21,1,0,0,1,3,5,3,2,1,5,5,4,3,1,1,1,0,0,1,0,0,0,2
17,1,1,0,1,4,2,5,4,2,2,2,2,2,1,0,1,1,0,0,0,1,0,2
21,1,0,0,1,4,3,5,4,2,3,4,3,3,1,1,1,0,0,0,0,0,0,2
21,1,1,0,1,5,4,4,4,4,4,5,4,2,1,1,1,1,1,0,0,1,0,2
25,1,1,1,1,4,4,4,2,3,4,5,3,3,1,1,1,0,0,0,0,0,0,2
21,0,1,0,1,3,4,5,3,3,4,4,2,2,1,1,1,0,0,1,0,1,0,2
28,1,1,1,1,2,4,4,2,2,4,4,2,2,0,0,1,0,0,0,0,0,0,2
21,0,1,0,1,3,4,4,2,2,4,2,3,2,1,1,1,1,0,0,0,0,0,2
21,1,0,0,1,3,5,3,2,1,5,5,4,3,1,1,1,0,0,1,0,0,0,2
21,1,1,0,1,5,3,4,3,4,4,5,5,3,1,1,1,0,0,0,0,0,0,2
22,0,0,0,1,2,4,4,3,2,3,4,3,2,1,1,1,0,0,0,0,0,0,2
19,0,1,0,1,4,3,4,4,1,5,4,2,2,1,0,0,0,0,0,0,0,0,2
20,1,1,0,1,5,3,4,3,5,5,5,4,4,1,1,1,1,0,0,1,0,0,2
18,1,1,0,1,4,2,5,3,3,3,2,2,2,1,1,1,1,0,0,0,1,1,2
32,0,1,1,1,3,4,5,4,1,5,4,3,1,1,0,0,0,0,0,0,0,0,2
22,0,1,0,1,2,5,4,2,2,4,4,3,2,1,1,1,1,0,1,0,1,1,2
20,1,1,0,1,4,4,5,3,2,4,4,2,3,1,1,1,1,0,1,0,0,0,2
19,1,1,0,1,3,5,5,5,1,5,4,2,3,1,1,1,0,0,1,0,0,0,2
21,0,0,0,1,2,4,5,4,4,5,4,3,2,1,1,0,0,0,0,0,0,0,2
27,1,1,0,1,4,5,5,3,3,4,5,4,3,0,1,1,0,0,1,0,1,0,2
27,1,1,2,1,2,5,4,1,2,4,5,2,2,0,1,1,0,0,1,0,0,0,2
22,1,1,0,1,5,4,5,5,4,5,5,5,1,1,1,1,1,0,0,0,1,1,2
19,1,1,0,1,3,4,5,5,1,4,5,2,3,1,0,1,0,0,0,0,0,0,2
22,1,1,0,1,5,4,4,4,4,4,5,5,4,1,0,1,0,0,0,0,0,0,2
32,1,1,0,1,5,4,5,3,2,4,4,4,3,0,1,1,0,0,0,0,1,0,2
22,1,0,0,1,2,4,4,2,2,3,3,3,2,1,1,1,0,0,0,0,0,0,2
83,1,1,0,1,2,2,5,3,4,4,5,5,1,0,1,1,0,0,1,0,0,0,2
27,1,1,0,1,4,5,5,3,3,4,5,4,3,0,1,1,0,0,1,0,1,0,2
20,1,0,0,1,4,4,5,4,1,3,5,2,3,1,1,1,0,0,0,0,0,0,2
21,1,0,0,1,3,4,3,3,1,5,5,5,3,1,1,1,0,0,0,0,0,0,2
21,1,1,0,1,3,3,4,2,1,4,3,3,2,1,1,1,1,0,0,0,0,0,2
24,1,1,0,1,4,3,4,1,3,4,5,3,3,1,1,1,0,0,0,0,0,0,2
20,1,0,0,1,2,3,5,3,3,5,5,4,2,1,1,1,1,0,0,0,0,0,2
19,1,1,0,1,3,4,5,5,1,3,5,2,3,1,0,1,0,0,0,0,0,0,2
21,1,0,0,1,4,3,4,4,3,3,4,4,3,1,1,1,0,0,0,0,1,0,2
21,1,0,0,1,5,4,4,3,3,3,5,3,3,1,1,1,1,0,0,0,0,0,2
22,1,0,0,1,2,3,5,3,2,3,4,4,3,1,1,1,0,0,0,0,0,0,2
20,0,0,0,1,4,3,5,3,5,5,5,5,5,1,1,1,1,0,1,0,0,0,2
21,1,0,0,1,5,4,4,3,3,3,5,3,3,1,1,1,1,0,0,0,0,0,2
20,1,0,0,1,4,4,5,4,1,2,5,2,3,1,0,1,1,0,0,0,0,0,2
21,1,0,0,1,5,4,4,3,3,3,5,3,3,1,1,1,1,0,0,0,0,0,2
20,0,2,0,1,5,5,5,5,5,5,5,5,5,1,0,1,1,0,1,0,0,0,2
21,0,1,0,1,2,4,5,3,4,4,4,2,2,1,1,1,0,0,1,0,1,0,2
21,1,0,0,1,5,4,4,3,2,3,5,3,3,1,1,1,1,0,0,0,0,0,2
23,0,1,0,1,2,3,3,4,2,4,3,3,1,1,0,1,0,1,1,0,0,0,2
20,1,1,0,1,4,3,5,4,1,5,3,2,2,1,1,1,1,0,0,0,0,0,2
20,0,1,0,1,3,4,5,5,1,1,5,2,3,1,0,1,0,0,0,0,0,0,2
22,1,0,0,1,4,3,4,3,3,4,5,5,3,1,1,1,0,0,0,0,0,0,2
26,0,1,2,1,4,5,5,3,2,5,5,2,3,1,0,0,0,0,1,0,0,0,2
26,1,1,1,1,4,5,5,3,3,4,5,3,3,0,1,1,0,0,1,0,1,0,2
19,1,1,0,1,3,5,5,5,1,5,4,2,3,1,1,1,0,0,1,0,0,0,2
20,1,1,0,1,4,4,5,4,1,5,3,2,2,1,1,1,1,0,0,0,0,0,2
21,1,0,0,1,3,4,4,2,3,5,5,4,3,1,1,1,1,0,0,0,0,0,2
21,1,0,0,1,3,3,4,3,2,5,5,5,3,1,1,1,0,0,0,0,0,0,2
22,0,0,0,1,4,4,5,4,1,2,5,3,3,1,1,1,0,0,0,0,0,0,2
24,1,1,0,1,4,3,4,1,3,4,5,3,3,1,1,1,0,0,0,0,0,0,2
29,1,1,0,1,5,4,5,3,2,4,4,4,3,0,1,1,0,0,0,0,1,0,2
