Age,Sex,Relationship Status,Occupation,Social Media User?,Time Spent,Q1,Q2,Q3,Q4,Q5,Q6,Q7,Q8,Difficulty_level,Facebook,Instagram,YouTube,Snapchat,Twitter,Discord,Reddit,Pinterest,TikTok
24,0,1,2,1,2,3,3,2,2,4,3,2,4,0,1,1,1,0,1,0,0,0,0
46,0,2,2,1,0,2,1,1,1,1,1,1,2,0,1,0,1,0,0,0,0,0,0
30,1,2,2,1,4,2,4,4,2,4,4,4,2,1,1,1,0,0,0,0,0,0,0
56,1,2,3,1,1,1,1,1,1,3,2,1,3,0,0,0,1,0,0,0,0,0,0
19,0,1,1,1,4,3,3,4,3,3,3,4,3,1,1,1,1,0,0,0,0,0,1
21,1,0,0,1,5,3,5,2,4,3,4,4,2,1,1,1,0,0,0,0,0,0,1
47,1,2,2,1,3,3,2,2,1,2,1,3,4,0,1,1,1,0,1,0,0,1,0
23,1,1,1,1,2,3,3,3,3,3,4,2,3,0,1,0,1,0,0,1,0,0,0
20,1,1,0,1,3,2,1,1,3,5,4,5,4,1,0,1,1,1,1,1,1,1,1
21,1,0,0,1,4,3,3,2,1,2,4,3,2,1,1,1,1,1,0,0,0,0,0
25,1,1,0,1,2,3,5,2,1,3,2,1,3,1,1,1,0,0,0,1,0,0,0
26,1,1,0,1,3,3,4,3,3,4,4,4,3,1,1,1,1,0,0,0,0,1,0
20,0,0,0,1,5,4,5,3,4,5,4,5,2,1,1,1,1,1,0,1,1,1,0
65,0,2,3,1,3,5,3,2,3,2,1,3,4,0,1,0,1,0,0,0,0,0,0
24,0,1,0,1,2,1,1,3,2,4,4,3,3,1,1,1,1,1,1,1,0,0,0
52,0,2,2,1,1,2,2,3,2,3,3,3,2,0,1,1,1,0,0,0,1,1,1
47,0,2,2,1,1,4,2,2,3,2,3,4,2,0,1,0,1,0,0,0,0,0,0
25,0,0,0,1,0,2,2,3,3,3,2,3,4,0,1,1,1,0,0,0,1,0,0
20,1,1,0,1,5,5,4,2,2,5,4,1,3,1,1,1,1,0,0,0,0,0,0
19,1,1,1,1,2,3,2,2,2,4,4,3,3,1,1,1,1,0,0,1,0,1,0
35,1,3,2,1,0,3,2,1,4,1,1,1,3,0,1,0,1,0,0,0,0,0,0
22,1,1,0,1,2,3,4,1,3,2,3,3,3,1,1,0,1,0,0,0,0,0,0
44,0,2,2,1,0,1,1,1,1,1,1,1,1,0,1,0,0,0,0,0,0,0,0
23,0,1,0,1,3,3,3,5,3,5,3,4,1,2,1,0,1,0,1,1,0,0,0
25,0,1,1,1,4,5,5,4,2,3,2,1,4,1,1,1,1,0,0,0,1,0,0
21,0,0,0,1,3,5,5,5,4,5,4,5,2,2,1,1,0,0,0,0,1,0,1
21,1,1,0,1,5,4,4,3,4,4,5,4,3,2,1,1,1,1,1,0,0,1,0
22,1,0,0,1,1,3,4,3,2,1,2,1,2,1,1,0,1,0,0,0,0,0,0
35,0,2,2,1,2,3,4,3,2,3,3,2,2,1,1,0,1,0,0,0,0,1,0
17,0,1,1,1,2,4,4,3,4,5,2,3,2,1,1,1,1,0,1,0,1,0,0
22,1,1,0,1,5,5,5,3,4,2,1,4,5,1,0,1,0,0,0,0,0,0,0
26,0,1,2,1,2,4,3,2,1,3,4,4,3,1,1,1,1,1,1,1,1,0,0
60,0,1,3,1,2,1,2,1,3,1,1,3,3,0,1,0,1,0,0,0,0,1,0
34,1,2,2,1,0,2,1,1,1,1,1,3,4,0,1,0,1,0,1,0,0,1,0
30,1,1,2,1,4,4,5,3,3,4,4,3,3,1,0,1,0,0,0,0,0,0,0
20,1,1,0,1,5,4,2,4,2,5,4,1,3,1,1,1,1,1,1,0,0,0,0
48,0,2,2,1,1,4,2,2,3,2,3,2,3,1,1,1,1,0,1,0,0,0,0
23,1,2,0,1,1,3,2,2,3,4,4,3,2,1,1,1,1,1,0,0,0,1,0
27,0,2,2,1,5,5,5,5,1,5,5,1,3,2,1,0,0,0,0,1,1,0,0
34,1,2,2,1,1,2,5,1,5,1,1,2,3,1,1,0,0,0,0,0,0,0,0
26,0,1,0,1,5,5,4,3,2,4,3,3,3,1,1,0,0,0,0,0,0,0,0
22,1,1,0,1,2,4,4,2,3,4,3,4,4,1,1,1,1,0,1,1,0,1,1
20,1,1,0,1,2,5,5,5,1,5,3,3,1,1,1,1,0,0,0,0,0,0,0
22,1,0,0,1,5,4,5,4,3,5,3,3,3,1,1,1,1,0,0,0,0,0,0
21,0,1,0,1,0,2,2,1,1,4,4,1,3,0,1,0,1,0,0,1,0,0,0
22,1,1,2,1,3,1,1,1,1,3,3,1,1,2,1,0,1,0,0,0,0,0,0
23,1,1,0,1,0,3,2,1,2,2,3,1,2,0,1,1,1,0,1,0,1,1,0
21,1,1,0,1,5,4,2,1,2,5,4,5,1,1,1,1,0,0,0,0,0,0,0
21,0,1,0,1,5,5,4,2,1,2,2,2,3,0,1,1,1,1,0,1,1,0,1
25,1,1,0,1,5,4,3,3,2,4,4,2,2,1,1,1,1,0,1,1,0,0,0
48,0,2,2,1,2,3,3,4,3,4,2,4,3,1,1,1,1,0,0,0,0,0,0
20,1,0,0,1,3,5,3,2,5,2,1,1,3,1,1,0,1,0,0,0,0,0,0
34,1,2,2,1,1,2,2,1,1,1,1,2,1,0,1,0,0,0,0,0,0,0,0
21,1,1,0,1,3,4,4,5,3,5,5,4,4,1,1,1,1,1,0,1,0,0,0
17,1,1,1,1,5,2,5,4,3,3,2,2,2,2,1,1,1,1,0,0,0,1,1
47,0,2,2,1,0,3,1,1,2,4,1,3,3,0,1,0,1,0,0,0,0,0,1
20,0,1,0,1,3,4,4,3,3,3,4,2,3,1,1,1,1,0,0,1,0,0,0
21,1,0,0,1,5,5,2,3,1,3,5,1,3,1,1,1,1,0,0,0,0,0,0
27,1,0,2,1,4,4,3,3,4,3,2,4,2,1,1,1,1,0,0,0,0,0,0
21,1,0,0,1,3,3,2,1,3,2,2,2,1,1,1,1,1,1,0,0,0,0,0
23,0,1,0,1,0,2,3,1,1,1,5,1,3,1,1,1,1,1,1,1,1,0,0
36,1,2,2,1,2,3,2,1,1,4,1,1,1,0,0,0,1,0,0,0,0,0,0
21,0,1,0,1,3,4,4,4,4,4,4,4,1,1,1,1,1,0,1,0,0,1,0
23,1,0,0,1,5,5,5,5,4,5,5,5,5,1,1,1,1,1,0,1,0,0,1
27,1,1,2,1,5,2,5,4,4,3,4,5,1,1,1,1,1,1,0,0,0,0,0
20,1,1,0,1,3,3,3,3,3,4,3,4,3,1,1,1,1,0,0,1,0,0,0
29,1,2,2,1,5,5,5,5,4,5,4,3,3,1,1,1,1,0,0,0,0,0,0
21,1,1,0,1,4,4,3,4,3,3,5,5,2,1,1,1,1,1,0,1,0,0,0
22,1,1,0,1,2,4,5,4,1,5,4,3,3,1,0,0,0,0,1,1,1,0,0
24,0,1,2,1,1,3,4,1,4,3,5,3,3,1,1,1,1,1,0,0,0,0,0
24,1,1,0,1,4,4,4,3,3,4,4,3,3,1,1,1,1,0,1,0,0,0,0
23,1,1,0,1,5,4,5,3,3,5,3,5,1,1,1,1,1,1,0,0,0,0,0
32,0,2,2,1,1,3,1,3,1,2,1,1,3,0,1,0,1,0,0,1,1,0,0
21,1,1,0,1,3,4,5,4,3,5,5,5,1,1,1,1,1,1,0,1,1,1,0
27,1,2,2,1,4,4,5,2,3,5,3,5,2,2,1,1,1,0,0,0,0,0,0
24,0,1,0,1,4,4,4,2,3,4,3,4,2,1,1,1,1,0,0,1,1,0,0
18,2,1,1,1,2,2,1,2,2,5,4,2,3,1,0,1,1,0,1,0,1,0,1
22,1,0,0,1,5,5,3,3,4,5,5,2,3,1,1,1,1,1,0,0,0,0,0
48,0,2,2,1,1,2,2,1,1,1,1,2,3,0,0,0,1,0,1,0,0,0,0
21,1,0,0,1,4,4,5,3,4,3,4,5,1,1,1,1,1,1,1,0,0,1,0
42,1,2,2,1,2,3,1,1,1,1,1,1,3,0,1,1,1,0,0,1,0,1,0
23,1,1,0,1,2,5,5,3,2,3,2,1,3,1,1,1,1,0,0,0,0,0,0
47,1,2,2,1,2,4,3,3,3,2,3,2,3,1,1,1,1,0,0,0,0,1,0
21,0,0,0,1,5,4,5,3,4,4,4,3,3,1,1,1,1,0,0,0,0,0,0
47,1,2,2,1,1,4,4,3,3,2,3,4,2,1,1,0,0,0,0,0,0,0,0
21,1,1,0,1,1,3,5,2,2,2,3,1,4,1,1,1,1,1,0,1,1,0,0
47,1,2,2,1,2,3,1,2,2,2,2,3,3,0,0,1,1,0,1,0,0,0,0
22,1,1,0,1,5,5,4,4,3,4,5,2,4,1,1,0,0,0,0,0,0,0,0
19,0,1,1,1,4,4,4,2,4,4,2,5,2,1,0,1,1,0,1,0,0,0,1
21,1,0,0,1,4,3,5,5,3,3,4,4,4,2,1,1,1,0,0,0,0,1,0
27,1,1,2,1,3,3,3,3,3,4,5,4,4,1,1,1,1,1,1,1,1,1,0
47,1,2,2,1,0,2,2,2,2,2,2,4,3,0,1,0,0,0,1,0,0,0,0
23,0,2,0,1,2,5,4,3,2,4,4,3,2,2,1,1,1,1,1,1,1,1,1
31,0,1,2,1,2,3,3,3,4,4,3,4,4,1,1,1,1,0,0,1,0,0,0
23,1,1,3,1,4,4,4,3,4,4,5,3,2,1,1,0,1,0,0,1,1,0,0
22,1,1,0,1,2,4,2,3,3,5,4,4,3,1,1,1,1,0,1,0,0,0,0
24,0,1,0,1,5,3,4,4,1,3,3,2,3,1,1,1,1,1,0,0,0,0,0
20,1,1,0,1,0,3,1,1,2,2,1,5,1,0,1,1,1,0,0,0,0,0,0
20,0,1,0,1,4,4,5,3,3,3,4,2,3,1,1,1,1,0,0,0,0,0,0
20,1,1,0,1,5,4,5,5,4,5,5,5,1,2,1,1,1,1,0,1,0,1,1
29,1,2,2,1,1,4,4,1,1,3,2,2,3,1,1,1,1,0,0,0,0,1,0
22,1,0,0,1,3,3,5,3,3,5,5,5,3,2,1,1,1,1,0,0,0,0,0
21,0,1,0,1,4,3,4,3,4,5,3,4,4,1,1,1,1,0,0,0,0,0,0
27,1,0,2,1,4,5,5,3,3,4,4,4,2,1,1,1,1,1,0,0,0,0,0
22,0,1,0,1,5,5,4,2,1,5,5,1,1,1,1,1,1,1,1,1,1,0,0
21,1,2,0,1,1,5,5,2,5,5,4,5,1,2,0,0,1,0,0,0,0,1,0
24,0,1,2,1,5,5,2,2,3,4,2,2,3,0,1,1,1,1,0,0,0,0,0
17,0,1,1,1,5,2,4,3,1,5,5,3,2,2,1,0,0,0,0,0,0,0,0
21,0,1,0,1,3,5,3,4,4,2,3,5,3,1,1,1,0,0,0,0,0,0,0
35,1,2,2,1,2,5,3,2,1,1,3,2,4,0,1,0,0,0,0,0,0,0,0
50,0,2,2,1,3,4,3,4,3,5,4,3,4,1,1,1,1,0,1,0,0,0,0
37,1,0,2,1,1,2,2,1,1,3,3,2,3,1,1,0,1,0,0,0,0,0,0
22,1,0,0,1,5,2,5,3,3,3,2,5,3,1,1,1,1,1,0,0,0,0,1
21,0,1,0,1,2,4,4,4,3,5,3,4,2,1,1,1,1,0,1,1,1,0,0
21,1,0,0,1,3,5,4,2,3,5,5,4,3,2,1,1,1,1,0,1,0,1,1
20,1,2,0,1,1,1,1,1,1,2,1,1,3,0,0,1,0,0,0,0,1,0,0
26,1,1,2,1,5,4,5,4,3,5,4,5,4,1,1,1,1,0,0,0,0,1,0
69,2,3,2,1,5,5,5,5,5,5,5,5,5,2,0,0,0,0,0,0,0,0,1
22,1,1,0,1,5,4,3,3,1,2,1,3,3,1,1,1,1,1,0,0,0,1,1
21,1,2,0,1,3,4,3,2,4,4,5,5,3,1,1,1,1,1,0,0,0,0,1
22,1,2,0,1,4,5,5,3,1,4,4,4,1,1,1,1,1,1,1,1,1,1,1
25,1,1,0,1,5,5,5,4,3,5,5,2,2,0,1,1,1,0,0,0,0,1,1
37,1,2,3,1,1,3,1,2,2,1,4,1,2,0,1,1,1,0,0,0,0,0,0
21,0,0,0,1,3,3,2,1,3,2,2,2,4,0,1,0,1,0,0,1,0,0,0
23,1,1,0,1,3,5,3,3,3,3,4,1,3,1,0,0,0,0,0,0,0,1,0
29,1,1,0,1,5,5,5,3,3,4,5,5,3,2,0,1,1,0,0,1,1,1,0
22,1,0,0,1,5,5,5,4,3,4,3,2,3,1,1,1,1,1,1,1,0,1,1
22,1,1,0,1,3,5,4,3,4,4,3,2,3,1,1,1,1,1,1,1,1,1,1
24,0,1,0,1,2,5,5,2,3,3,5,4,2,1,1,1,1,0,0,1,0,0,0
20,0,3,0,1,5,5,5,5,5,5,5,5,5,2,1,1,1,1,0,1,0,0,0
22,0,1,0,1,1,4,3,4,4,5,3,3,3,1,1,1,1,1,1,0,0,1,0
21,0,1,0,1,5,4,4,2,2,4,1,3,3,2,1,1,1,1,0,1,1,1,0
22,1,1,0,1,3,4,5,5,3,4,2,2,3,1,1,1,1,1,0,0,0,1,0
22,1,1,0,1,5,4,5,5,4,5,5,5,2,2,1,1,1,1,1,1,0,1,1
21,0,1,0,1,2,2,4,2,3,2,2,3,5,0,1,1,1,0,1,0,0,1,0
21,1,1,0,1,3,2,2,1,1,4,2,2,1,1,1,1,1,0,0,1,1,0,0
22,1,1,0,1,2,2,3,2,3,3,5,4,3,1,1,0,0,0,0,0,0,0,0
17,0,1,1,1,0,2,2,2,1,2,1,1,2,0,1,1,1,0,0,0,0,0,0
24,0,1,0,1,3,4,3,2,3,2,2,2,1,1,1,1,1,0,1,1,0,0,0
24,0,1,0,1,3,2,1,1,1,4,3,1,3,0,1,1,1,1,1,1,1,1,0
20,1,0,0,1,5,5,3,4,4,5,5,5,1,1,1,1,1,1,0,1,0,0,0
20,0,1,0,1,3,4,5,4,4,5,4,1,3,1,1,1,1,1,0,1,0,0,1
20,1,0,0,1,2,4,5,4,4,5,5,4,2,2,1,1,1,1,0,0,0,1,0
20,1,0,0,1,5,4,4,3,4,4,4,5,1,1,1,1,1,1,1,1,0,1,0
48,0,2,2,1,3,3,2,3,2,4,3,2,3,1,0,0,1,0,1,0,0,0,0
20,1,1,0,1,2,4,2,1,1,4,2,1,5,0,1,1,1,1,0,0,0,0,0
47,1,2,2,1,1,3,4,3,1,5,2,2,2,1,1,1,1,0,1,0,0,0,0
21,1,1,0,1,3,3,2,1,1,5,4,3,3,1,1,1,1,0,0,0,0,1,0
22,1,1,0,1,5,4,3,3,2,5,4,1,3,1,1,1,1,1,1,0,0,0,0
18,1,0,1,1,3,5,3,4,1,4,3,1,3,1,1,1,1,1,0,1,0,0,0
25,0,1,0,1,3,4,4,3,2,3,3,3,2,1,0,0,1,1,0,1,1,0,0
28,1,1,0,1,4,4,3,1,1,5,4,1,3,1,1,1,1,1,0,1,1,1,1
22,1,1,0,1,5,4,5,4,1,5,4,3,1,1,1,1,1,1,0,0,0,0,0
35,0,2,2,1,0,2,3,2,4,4,3,2,2,1,1,1,1,0,0,1,0,0,0
14,0,1,1,1,4,5,5,2,1,2,1,1,3,1,0,1,1,0,0,1,0,0,0
46,0,3,2,1,0,3,1,1,5,2,2,1,3,0,1,1,1,1,1,0,0,0,0
25,1,1,2,1,4,3,4,2,5,5,4,5,1,1,1,1,1,0,0,0,0,0,0
22,1,2,0,1,2,3,2,1,2,1,1,1,1,0,1,1,1,1,0,1,0,0,0
20,0,1,0,1,1,4,5,3,3,2,3,1,2,1,1,1,1,1,0,1,0,0,0
22,1,1,0,1,1,2,2,2,3,2,3,4,3,0,1,1,1,0,0,0,0,0,0
20,0,1,1,1,5,4,2,1,1,1,4,2,2,0,0,0,1,0,0,0,1,0,0
26,0,0,0,1,3,4,5,3,2,4,3,5,1,1,1,0,1,0,0,1,0,0,0
20,1,1,0,1,4,4,5,5,1,2,5,2,3,2,1,0,1,1,0,0,0,1,0
25,1,2,2,1,4,3,4,5,4,5,5,2,4,1,1,1,1,0,1,0,1,1,1
27,1,2,0,1,5,5,5,3,1,3,3,1,3,1,1,1,1,0,0,0,0,0,0
25,1,1,0,1,5,4,3,1,2,4,4,4,2,0,1,0,1,0,0,1,0,0,0
22,1,1,0,1,1,3,3,1,5,1,1,1,3,0,1,1,1,0,0,0,0,0,0
22,1,1,0,1,5,3,4,4,4,5,5,5,2,1,1,1,1,1,0,0,0,1,0
22,0,0,0,1,2,4,3,2,1,4,3,2,4,0,1,1,1,1,0,1,1,0,0
24,1,0,2,1,3,2,1,1,3,4,3,1,1,0,1,1,1,0,0,1,0,1,0
26,1,1,0,1,5,4,2,2,3,5,4,5,2,1,1,1,1,1,1,1,1,1,1
24,1,2,0,1,3,4,3,5,3,3,3,4,2,1,1,1,1,0,0,0,0,1,0
20,1,1,0,1,5,4,4,3,2,4,4,2,2,1,1,1,1,1,0,0,0,0,0
25,1,0,0,1,3,3,2,1,2,4,4,3,3,0,1,1,1,1,0,1,0,0,0
22,1,1,0,1,3,3,3,3,3,3,3,2,3,1,1,1,1,1,1,1,0,1,0
44,0,2,2,1,0,1,1,1,1,1,1,1,1,0,1,0,1,0,0,1,0,1,0
50,0,1,2,1,1,3,2,3,5,3,2,4,5,1,1,0,0,0,0,0,0,0,0
16,0,1,1,1,2,3,1,2,1,3,3,2,4,1,0,1,1,1,0,0,0,1,0
35,0,1,2,1,3,5,5,5,1,5,5,5,1,2,1,1,0,1,0,0,0,0,0
22,1,0,0,1,2,4,4,2,4,5,5,1,3,1,1,1,1,0,0,1,0,0,0
21,1,0,0,1,5,4,5,4,2,3,5,3,3,2,1,1,1,1,0,0,0,0,0
21,0,1,0,1,2,2,3,2,4,3,4,2,3,1,1,0,1,0,0,0,0,0,0
23,0,1,0,1,5,4,3,3,4,5,3,5,4,1,1,1,1,0,0,1,0,1,1
29,1,1,2,1,3,5,3,1,1,5,5,2,2,1,1,1,0,0,0,0,0,0,0
20,1,1,0,1,1,2,2,1,2,5,5,5,1,1,1,1,1,0,0,0,0,0,0
29,1,1,2,1,1,2,2,1,1,5,5,4,2,1,1,1,1,0,1,0,1,1,0
30,1,2,3,1,3,1,5,1,3,3,3,2,4,1,1,1,1,1,1,1,0,0,1
47,0,2,2,1,2,4,3,4,1,3,2,2,3,1,1,0,1,0,0,0,0,0,0
21,1,0,0,1,2,3,2,5,4,4,4,3,2,0,1,1,1,0,0,0,0,1,0
17,0,1,1,1,4,2,1,4,1,5,4,4,3,0,1,0,0,0,0,1,0,0,0
19,0,1,1,1,4,3,3,2,3,3,2,2,1,0,1,1,1,1,0,1,1,0,1
22,1,1,0,1,5,5,5,5,4,5,5,5,1,2,1,1,1,1,0,0,0,1,1
28,1,2,2,1,2,5,4,1,2,4,5,2,2,2,0,1,1,0,0,1,0,0,0
43,0,2,2,1,0,2,1,1,3,1,1,1,3,0,1,0,1,0,0,0,0,0,0
21,1,1,0,1,3,2,1,1,1,2,1,1,1,0,1,0,1,0,0,1,0,1,0
23,1,0,0,1,2,4,4,3,3,4,2,4,2,0,1,1,1,1,1,1,0,1,1
47,0,2,2,1,2,3,2,3,2,5,3,2,5,1,0,1,1,0,1,0,1,0,1
47,1,2,2,1,2,3,3,3,1,3,1,1,3,0,1,0,1,0,0,0,0,1,0
38,0,2,2,1,4,3,3,3,3,3,2,3,4,0,1,0,1,0,1,1,1,0,0
23,1,1,0,1,5,3,3,2,4,3,4,3,3,1,1,1,1,0,0,0,0,0,1
25,0,1,0,1,1,5,5,1,3,2,5,4,5,0,0,0,1,0,0,0,0,0,0
34,1,2,2,1,5,5,5,4,3,3,2,3,3,1,1,0,0,0,0,0,0,0,0
48,1,2,2,1,0,2,4,1,2,2,1,1,3,0,1,1,0,0,0,0,0,0,0
22,0,1,0,1,3,4,4,1,1,3,1,1,1,0,1,1,1,1,1,1,1,1,0
22,1,0,0,1,5,3,1,4,3,3,4,3,4,1,1,0,0,0,0,0,0,0,0
20,1,1,0,1,4,5,5,5,2,5,4,2,3,2,1,1,1,1,0,1,0,0,0
21,2,1,0,1,5,4,2,3,5,5,5,4,3,2,1,1,1,1,0,0,1,1,1
23,1,1,0,1,5,3,2,4,4,5,4,5,1,1,1,1,1,1,0,0,0,1,1
22,1,1,0,1,3,4,4,2,2,4,3,3,2,2,1,1,1,1,0,0,0,0,0
21,1,1,0,1,2,2,1,4,2,2,1,3,3,1,1,1,1,1,0,0,0,0,0
48,1,2,2,1,1,1,1,1,2,3,1,1,3,0,1,0,1,0,0,0,0,0,0
23,0,1,0,1,1,3,2,2,2,2,3,2,4,0,1,1,1,1,1,1,0,1,0
22,1,1,0,1,5,5,1,4,2,4,4,3,4,1,1,1,1,1,1,0,0,0,1
38,1,2,2,1,0,3,2,3,1,2,2,3,1,0,1,0,0,0,0,0,0,0,0
20,1,0,1,1,5,5,4,2,3,3,2,1,3,0,1,1,1,0,0,0,0,1,0
24,0,1,2,1,5,5,1,1,3,3,3,1,3,1,0,0,0,0,1,1,1,0,0
23,0,1,0,1,2,4,2,1,1,3,3,3,3,0,1,1,1,0,1,0,0,1,0
24,0,0,1,1,1,3,2,4,2,2,2,1,3,1,0,0,1,0,0,1,1,0,0
20,0,1,0,1,5,4,5,3,1,5,5,4,2,1,1,1,1,1,1,1,0,0,1
24,2,1,2,1,2,4,3,2,2,5,4,3,2,1,0,0,1,0,0,0,1,0,0
23,0,1,0,1,0,3,2,1,2,4,3,3,3,1,1,1,0,0,0,0,0,0,0
47,0,2,2,1,1,4,3,2,3,3,3,2,3,1,0,1,1,0,0,0,0,0,0
19,1,0,1,1,4,5,4,4,4,5,4,2,5,1,1,0,0,0,0,0,0,0,0
22,1,1,0,1,3,3,4,2,1,4,3,4,2,0,1,1,1,1,1,1,1,1,0
21,2,1,0,1,5,3,4,5,1,4,4,1,3,1,1,1,1,0,1,1,0,0,0
22,1,0,0,1,4,3,4,3,2,5,4,4,3,1,1,1,1,1,0,1,0,1,1
20,0,1,0,1,5,5,5,5,1,2,3,3,3,1,0,1,1,1,1,1,1,0,1
40,1,1,2,1,1,4,2,1,3,4,4,3,3,1,1,1,1,0,1,0,0,0,0
22,0,1,0,1,2,5,4,2,1,3,2,3,4,1,1,1,1,1,0,1,0,1,1
18,0,1,1,1,5,2,3,1,2,5,5,5,1,1,0,1,1,0,0,1,1,0,0
23,1,1,0,1,2,4,4,1,1,2,2,1,2,1,1,1,1,1,1,1,0,1,0
22,0,1,0,1,5,5,5,1,1,2,3,2,1,1,1,1,1,1,0,1,0,0,0
24,0,1,2,1,5,5,5,5,1,4,3,2,2,2,0,0,1,1,0,1,0,0,0
22,1,1,0,1,4,4,2,1,4,4,4,5,1,1,1,1,1,1,1,0,0,0,1
20,1,1,0,1,4,4,5,5,1,5,4,2,2,2,1,1,1,0,1,0,1,0,0
23,1,1,0,1,4,5,4,2,4,5,5,5,1,1,1,1,1,1,1,1,1,1,1
21,1,1,0,1,4,3,5,4,1,5,3,3,2,2,1,1,1,1,1,0,0,1,0
21,1,1,0,1,3,3,5,2,2,3,4,3,4,1,1,1,1,1,0,0,0,0,0
24,1,0,0,1,4,3,2,2,3,5,5,5,2,1,1,1,1,1,1,1,1,1,1
27,1,2,2,1,3,4,4,4,1,4,1,2,2,1,1,1,1,0,0,0,0,0,0
22,1,1,0,1,5,1,1,1,1,1,2,2,2,0,1,1,1,1,0,0,0,0,0
20,0,1,0,1,0,4,2,1,2,5,2,1,4,1,1,1,1,1,1,1,1,0,0
24,1,1,0,1,4,3,4,1,4,4,5,3,3,2,1,1,1,0,1,0,0,0,0
21,1,1,0,1,2,3,5,4,3,5,4,3,3,1,1,1,1,0,0,0,0,0,0
91,1,1,0,1,2,2,5,4,5,5,5,5,1,2,1,1,1,1,0,1,0,0,0
20,1,1,0,1,5,3,5,3,5,5,5,5,5,2,1,1,1,1,1,1,1,0,0
22,1,0,0,1,2,3,4,3,3,4,3,2,2,1,1,1,1,0,1,0,0,0,0
19,1,1,0,1,3,5,4,5,5,5,4,5,1,1,1,1,1,1,0,1,0,1,0
21,1,0,0,1,3,5,3,3,1,5,5,5,3,2,1,1,1,0,0,1,0,0,0
22,0,1,0,1,0,1,1,1,1,1,1,1,1,0,1,0,1,1,0,0,0,0,0
20,1,1,0,1,3,4,5,4,2,5,3,5,2,1,1,0,1,0,0,0,0,0,0
22,1,1,1,1,5,4,4,4,4,4,5,5,3,2,1,1,1,0,0,0,0,1,0
21,1,1,0,1,4,4,5,3,3,4,4,2,3,2,1,1,1,1,0,1,1,1,1
23,0,0,0,1,4,4,2,1,1,3,3,1,3,0,1,1,1,0,1,1,1,0,0
25,1,2,0,1,1,2,2,1,4,5,4,5,2,1,0,0,1,0,0,0,1,0,0
17,1,1,1,1,3,4,3,1,1,5,3,4,2,1,0,1,1,0,0,0,1,1,0
24,0,1,2,1,2,3,3,3,3,3,2,2,3,1,1,1,1,0,0,0,0,0,1
21,0,1,0,1,2,3,3,2,2,5,4,2,3,1,0,0,1,0,0,0,0,0,0
22,0,1,0,1,2,4,5,4,5,5,5,2,2,2,1,1,1,0,0,1,0,1,0
21,1,1,0,1,1,3,3,2,2,4,2,4,2,1,1,1,1,1,1,1,0,0,0
23,0,1,0,1,5,4,3,2,3,4,5,3,3,1,1,1,1,1,0,1,1,1,0
35,0,2,2,1,2,2,4,4,4,4,4,4,4,1,1,1,1,0,1,0,0,0,0
30,1,1,2,1,2,4,5,3,5,5,4,4,2,2,1,1,1,1,1,1,1,0,0
24,1,0,0,1,5,2,3,1,3,4,4,4,4,0,1,1,1,0,0,1,0,0,0
36,1,2,2,1,1,4,1,1,2,2,2,1,3,0,1,0,1,1,0,0,0,0,0
26,0,0,0,1,4,3,3,2,4,4,4,2,3,0,1,1,1,1,1,1,0,1,0
48,1,2,3,1,5,4,5,5,2,4,3,3,3,2,1,1,1,0,0,0,0,1,1
21,1,1,0,1,3,4,4,3,1,5,3,5,1,1,1,1,1,0,0,1,1,0,0
51,0,2,2,1,1,4,3,2,3,3,3,3,3,1,1,1,1,1,1,0,0,1,0
18,1,1,0,1,5,4,4,3,1,4,5,1,3,1,1,1,1,0,0,0,0,1,0
49,0,2,3,1,4,5,5,3,3,4,4,3,3,1,1,1,1,0,1,0,0,1,0
20,1,1,0,1,3,5,2,1,1,1,4,5,1,1,1,1,1,0,0,0,0,0,0
51,0,2,2,1,1,3,2,3,3,2,2,4,3,1,1,0,0,0,0,0,0,0,0
21,1,0,0,1,5,5,2,3,1,1,5,1,3,1,1,1,1,0,0,0,0,0,0
21,1,1,0,1,3,5,5,4,3,5,5,5,5,1,1,1,1,1,0,1,0,0,1
23,0,1,0,1,1,2,1,1,1,5,3,3,4,0,1,1,1,1,0,0,0,1,1
19,1,1,0,1,2,2,3,1,1,3,1,1,3,2,0,0,0,0,0,1,1,0,0
23,0,0,0,1,2,3,4,5,3,5,5,3,3,0,1,1,1,1,0,0,0,1,0
22,0,1,0,1,5,5,5,5,5,5,5,5,5,2,1,0,1,0,0,0,0,1,0
47,0,2,2,1,0,1,1,2,1,3,2,2,3,1,0,0,0,0,1,0,0,0,0
21,1,1,0,1,1,1,1,1,2,1,3,2,1,0,1,1,1,1,0,0,0,0,0
21,1,0,0,1,3,3,4,4,3,3,1,2,5,1,1,0,1,0,0,1,1,0,0
19,1,1,0,1,3,4,5,2,1,5,5,5,5,1,1,0,0,1,0,0,1,0,0
48,0,2,2,1,0,1,1,1,3,1,1,5,5,0,1,0,1,0,0,0,0,0,0
17,0,1,1,1,2,3,4,3,4,3,5,5,3,1,0,0,0,0,0,1,0,0,0
23,0,1,0,1,3,3,4,2,2,5,4,2,3,1,1,1,1,1,0,1,0,0,0
56,0,2,2,1,2,1,1,1,1,1,1,1,1,0,1,1,1,0,1,0,0,0,0
18,1,1,1,1,3,5,5,2,4,4,4,5,2,2,1,1,1,0,0,0,0,0,0
36,0,2,2,1,0,2,1,1,1,3,2,3,3,0,1,1,1,0,0,0,0,1,0
24,0,1,0,1,3,5,5,5,1,1,5,5,4,2,1,1,1,0,0,1,0,0,0
34,0,2,2,1,5,5,3,2,5,3,5,4,4,1,1,0,1,0,0,0,0,0,1
25,1,0,2,1,2,2,1,3,1,4,2,3,3,0,1,1,1,1,1,0,0,1,0
23,0,0,0,1,4,4,3,2,4,4,4,4,4,1,1,1,1,0,0,1,0,0,0
26,1,1,2,1,4,5,5,3,3,5,5,3,3,2,1,1,1,0,0,1,0,1,1
15,0,1,1,1,4,1,1,1,3,3,1,3,3,0,0,1,1,1,0,1,1,1,1
22,0,0,0,1,3,4,4,5,4,2,2,3,3,1,0,0,1,0,0,0,0,0,0
30,1,1,2,1,2,4,5,4,1,3,4,4,3,1,1,0,0,0,0,0,0,0,1
19,1,1,0,1,3,4,3,1,1,4,4,2,3,1,1,1,1,1,0,1,0,0,0
21,1,0,0,1,5,3,2,1,1,3,3,1,3,0,1,0,1,0,1,1,0,1,0
22,0,0,0,1,3,4,2,2,2,4,3,2,4,0,1,1,1,1,0,1,1,0,0
48,0,2,2,1,0,3,1,1,2,1,1,5,3,0,1,1,1,1,1,1,1,1,1
19,1,1,1,1,5,3,2,4,1,5,5,5,2,1,1,1,1,1,0,0,0,1,0
37,0,2,2,1,1,4,4,1,3,4,2,4,4,1,1,0,1,0,0,0,0,0,0
22,1,1,0,1,2,3,2,2,3,2,4,1,3,0,1,0,1,0,0,1,1,1,0
20,1,1,0,1,3,3,3,2,2,4,2,2,3,0,0,1,1,0,1,0,0,0,0
21,1,0,0,1,2,2,3,4,2,3,3,2,4,0,1,1,0,0,0,1,0,0,0
23,1,1,0,1,4,2,3,4,3,3,2,3,4,1,1,0,1,0,0,0,0,0,0
55,0,2,2,1,1,3,2,1,1,2,1,1,3,0,0,0,0,0,0,1,1,0,0
22,0,1,0,1,5,4,4,4,4,2,3,2,3,1,1,1,1,0,1,1,0,1,0
21,1,1,0,1,5,4,3,2,1,5,5,5,1,1,1,1,1,0,1,1,1,0,0
17,1,1,1,1,2,4,1,3,1,5,4,5,5,1,1,1,1,1,0,0,0,0,0
13,0,1,1,1,4,3,4,1,1,3,3,1,3,0,0,1,0,0,0,1,0,0,0
33,1,1,2,1,3,3,3,1,1,2,1,2,2,0,1,0,1,0,0,0,0,0,0
22,0,1,0,1,2,4,4,4,1,5,4,3,3,2,0,1,1,1,1,1,1,0,0
20,0,1,1,1,2,3,2,3,3,3,2,3,2,0,0,1,0,0,0,1,1,1,1
19,1,1,0,1,3,5,5,5,1,5,5,2,3,2,1,1,1,0,0,1,0,0,0
22,0,1,0,1,5,4,4,3,4,2,3,4,3,1,1,1,1,0,1,1,1,1,1
22,1,0,0,1,2,4,5,4,2,3,4,4,3,2,1,1,1,0,0,0,0,0,0
28,1,1,0,1,3,4,5,4,2,5,4,2,3,2,1,0,1,0,0,0,0,0,0
20,0,1,2,1,1,3,3,2,4,5,5,1,3,1,1,1,0,1,1,0,1,0,0
49,0,2,2,1,0,3,4,3,3,4,3,3,3,1,1,1,1,0,0,0,0,0,0
26,0,1,0,1,0,3,5,3,5,5,5,5,5,2,1,0,0,0,0,0,0,0,0
21,1,0,0,1,2,5,4,3,1,4,5,2,3,1,1,1,1,1,0,1,0,0,0
22,1,1,0,1,5,5,2,5,2,4,2,4,3,1,1,1,1,1,0,0,0,0,0
23,0,1,0,1,3,3,4,2,4,5,2,5,4,1,1,1,1,1,0,1,0,0,1
21,1,1,0,1,3,5,3,2,2,4,3,2,3,1,1,1,1,1,1,0,1,1,0
23,1,2,0,1,5,4,3,3,3,4,3,4,4,1,1,0,0,0,0,0,0,0,0
22,0,1,0,1,2,5,4,2,5,1,3,1,3,0,1,0,1,0,0,0,0,0,0
21,1,1,0,1,2,3,4,3,2,4,4,5,1,1,1,1,1,1,0,1,1,1,1
23,0,1,0,1,1,2,2,1,1,5,5,1,3,1,0,0,1,0,0,1,1,0,0
48,0,2,2,1,0,5,1,1,1,2,2,1,1,0,1,0,1,0,0,0,0,1,0
21,1,1,0,1,2,4,4,1,2,2,4,2,2,1,1,1,0,1,0,0,0,1,1
26,1,2,0,1,2,4,4,3,3,4,4,4,5,1,1,1,1,0,0,0,0,0,0
50,0,3,2,0,1,2,1,1,1,2,2,1,4,0,0,1,1,0,0,0,0,0,0
21,1,0,0,1,4,5,5,5,2,4,5,5,2,1,1,1,1,0,0,0,0,0,0
22,1,1,0,1,3,2,2,1,1,5,3,1,4,2,1,1,1,0,0,0,0,1,0
22,1,1,0,1,5,5,5,5,5,5,5,5,5,2,1,0,1,1,0,1,0,0,0
19,1,1,1,1,3,5,3,2,3,5,3,2,3,1,1,1,1,0,0,1,0,0,0
26,0,0,2,0,1,4,1,1,1,2,1,1,3,0,0,0,1,0,0,1,1,0,0
21,0,0,0,1,4,4,2,2,1,1,2,1,3,0,1,1,1,1,0,1,0,0,0
22,1,1,0,1,3,4,4,3,3,3,3,1,3,1,1,1,1,1,1,1,1,1,1
20,1,0,0,1,4,4,3,5,3,4,4,5,4,1,0,1,1,0,0,0,0,1,0
21,1,0,0,1,2,5,5,5,5,1,2,2,5,2,0,1,0,0,0,0,0,0,0
26,1,2,2,1,1,2,1,2,4,4,4,4,2,1,1,0,1,0,0,0,0,0,0
47,1,1,2,1,4,4,5,2,1,3,3,3,3,0,1,1,1,0,1,0,0,1,0
21,0,0,0,1,0,2,3,2,1,3,2,2,3,1,1,1,1,1,1,1,0,0,0
22,1,2,0,1,2,4,5,2,4,4,5,3,3,1,1,1,1,1,1,1,1,1,1
40,0,2,2,1,2,3,3,3,1,2,2,2,3,1,0,0,1,0,1,0,1,0,0
19,1,1,0,1,5,3,5,4,1,5,5,1,5,1,1,1,1,1,0,1,1,1,1
22,1,0,2,1,5,5,4,4,4,4,4,4,4,1,0,1,1,0,0,1,1,0,1
25,0,1,0,1,4,4,5,2,4,1,5,2,3,1,1,1,1,1,1,1,0,1,1
23,0,1,0,1,5,3,2,4,1,4,3,5,2,0,1,1,1,0,1,1,1,0,1
21,0,1,0,1,1,2,3,1,1,5,5,3,3,1,1,1,0,0,0,0,0,0,0
30,0,0,2,1,1,4,2,1,2,2,2,4,2,0,1,1,1,0,0,0,0,0,0
22,0,0,0,1,4,5,5,3,5,5,5,5,5,2,1,1,1,1,0,1,0,0,0
20,0,1,0,1,4,5,3,2,3,4,3,2,4,1,1,1,1,0,0,1,1,1,0
19,1,1,1,1,2,3,4,3,3,3,4,3,5,1,1,1,1,1,0,1,0,1,1
23,0,1,0,1,4,5,5,2,2,5,3,5,3,1,1,1,1,1,0,1,1,1,0
20,1,0,0,1,2,4,4,4,4,4,5,5,5,1,1,1,1,1,0,0,0,0,1
26,1,0,0,1,4,4,4,2,2,3,4,3,3,1,1,1,1,1,1,1,0,0,1
21,0,1,0,1,1,4,4,3,2,5,2,4,2,1,1,1,1,1,0,1,0,0,1
22,1,1,0,1,4,4,1,2,1,1,1,1,2,0,1,1,1,1,0,1,0,0,0
18,1,1,0,1,5,3,2,2,3,4,2,1,3,0,1,1,1,1,0,1,0,1,0
49,0,2,2,1,4,4,3,2,2,2,2,2,4,0,1,0,1,0,0,0,0,0,0
50,1,1,2,1,2,2,1,1,3,3,1,1,4,0,1,1,1,0,0,1,0,1,0
32,1,2,2,1,4,5,2,4,1,2,1,1,5,0,1,1,1,0,0,1,0,1,0
25,0,1,2,1,2,4,4,1,2,5,4,5,2,1,1,1,1,1,0,1,0,0,0
16,0,1,1,1,4,4,5,2,4,3,2,3,1,1,1,1,1,1,0,1,0,0,1
21,1,1,0,1,3,4,4,2,2,4,3,2,3,1,1,1,1,1,1,0,0,0,0
32,1,2,2,1,1,4,3,2,1,2,1,2,4,1,0,0,0,0,0,0,1,0,0
21,1,1,0,1,4,3,5,3,1,3,2,3,3,0,1,1,0,0,0,0,0,0,0
19,0,1,0,1,3,4,2,2,1,3,1,2,5,0,1,1,1,1,1,1,1,1,1
20,1,0,0,1,5,3,3,1,5,5,4,2,3,1,0,1,0,0,0,0,0,0,0
18,0,1,0,1,1,3,3,1,1,2,1,1,2,0,0,0,0,0,0,0,0,1,0
20,1,1,0,1,3,4,3,1,1,4,3,4,2,0,1,1,1,0,0,0,0,0,1
53,0,2,2,1,0,2,3,1,2,1,2,3,3,0,0,0,0,0,0,0,0,0,0
22,0,0,0,1,2,4,2,2,1,3,2,2,2,1,1,1,1,0,0,1,1,0,0
24,1,2,0,1,5,5,3,4,3,4,4,3,3,1,1,1,0,0,0,0,0,1,0
23,0,1,1,1,2,5,5,5,5,5,5,5,5,2,0,1,1,0,0,1,1,0,0
23,1,1,0,1,2,3,2,2,3,2,3,1,3,1,1,1,0,0,0,0,0,0,1
19,1,1,1,1,5,3,2,1,1,2,2,1,3,1,1,1,1,1,1,1,1,1,1
24,0,0,0,1,4,4,5,3,1,5,3,1,3,1,1,1,1,1,1,1,1,0,0
22,1,0,0,1,5,1,5,2,2,5,3,1,2,1,1,1,1,0,0,0,1,0,1
22,0,1,0,1,3,3,4,3,3,4,4,2,3,1,0,1,0,0,0,0,0,0,0
